index,pos,driver,gap,time_remaining
1,1,Nico,1:27.279,00:11:41
1,2,George,+1.163,00:11:41
1,3,Romain,+1.177,00:11:41
1,4,Kevin,+1.519,00:11:41
1,5,Lando,- -,00:11:41
1,6,Charles,- -,00:11:41
1,7,Sebastian,- -,00:11:41
1,8,Antonio,- -,00:11:41
1,9,Kimi,- -,00:11:41
1,10,Lewis,- -,00:11:41
1,11,Valtteri,- -,00:11:41
1,12,Max,- -,00:11:41
1,13,Alexander,- -,00:11:41
1,14,Carlos,- -,00:11:41
1,15,Pierre,- -,00:11:41
1,16,Daniil,- -,00:11:41
1,17,Nicholas,- -,00:11:41
1,18,Lance,- -,00:11:41
1,19,Esteban,- -,00:11:41
1,20,Daniel,- -,00:11:41
2,1,Nico,1:27.279,00:11:36
2,2,George,+1.163,00:11:36
2,3,Romain,+1.177,00:11:36
2,4,Kevin,+1.519,00:11:36
2,5,Lewis,- -,00:11:36
2,6,Lando,- -,00:11:36
2,7,Charles,- -,00:11:36
2,8,Sebastian,- -,00:11:36
2,9,Antonio,- -,00:11:36
2,10,Kimi,- -,00:11:36
2,11,Valtteri,- -,00:11:36
2,12,Max,- -,00:11:36
2,13,Alexander,- -,00:11:36
2,14,Carlos,- -,00:11:36
2,15,Pierre,- -,00:11:36
2,16,Daniil,- -,00:11:36
2,17,Nicholas,- -,00:11:36
2,18,Lance,- -,00:11:36
2,19,Esteban,- -,00:11:36
2,20,Daniel,- -,00:11:36
1,1,Nico,1:27.279,00:11:11
1,2,George,+1.163,00:11:11
1,3,Romain,+1.177,00:11:11
1,4,Kevin,+1.519,00:11:11
1,5,Lewis,- -,00:11:11
1,6,Valtteri,- -,00:11:11
1,7,Lando,- -,00:11:11
1,8,Charles,- -,00:11:11
1,9,Pierre,- -,00:11:11
1,10,Daniil,- -,00:11:11
1,11,Sebastian,- -,00:11:11
1,12,Nicholas,- -,00:11:11
1,13,Antonio,- -,00:11:11
1,14,Kimi,- -,00:11:11
1,15,Max,- -,00:11:11
1,16,Alexander,- -,00:11:11
1,17,Carlos,- -,00:11:11
1,18,Lance,- -,00:11:11
1,19,Esteban,- -,00:11:11
1,20,Daniel,- -,00:11:11
2,1,Nico,1:27.279,00:11:07
2,2,George,+1.163,00:11:07
2,3,Romain,+1.177,00:11:07
2,4,Kevin,+1.519,00:11:07
2,5,Lewis,- -,00:11:07
2,6,Valtteri,- -,00:11:07
2,7,Lando,- -,00:11:07
2,8,Charles,- -,00:11:07
2,9,Pierre,- -,00:11:07
2,10,Daniil,- -,00:11:07
2,11,Sebastian,- -,00:11:07
2,12,Nicholas,- -,00:11:07
2,13,Antonio,- -,00:11:07
2,14,Kimi,- -,00:11:07
2,15,Max,- -,00:11:07
2,16,Alexander,- -,00:11:07
2,17,Carlos,- -,00:11:07
2,18,Lance,- -,00:11:07
2,19,Esteban,- -,00:11:07
2,20,Daniel,- -,00:11:07
3,1,Nico,1:27.279,00:11:02
3,2,George,+1.163,00:11:02
3,3,Romain,+1.177,00:11:02
3,4,Kevin,+1.519,00:11:02
3,5,Lewis,+1.642,00:11:02
3,6,Valtteri,- -,00:11:02
3,7,Lando,- -,00:11:02
3,8,Charles,- -,00:11:02
3,9,Carlos,- -,00:11:02
3,10,Pierre,- -,00:11:02
3,11,Daniil,- -,00:11:02
3,12,Sebastian,- -,00:11:02
3,13,Nicholas,- -,00:11:02
3,14,Antonio,- -,00:11:02
3,15,Kimi,- -,00:11:02
3,16,Max,- -,00:11:02
3,17,Alexander,- -,00:11:02
3,18,Lance,- -,00:11:02
3,19,Esteban,- -,00:11:02
3,20,Daniel,- -,00:11:02
4,1,Nico,1:27.279,00:10:55
4,2,George,+1.163,00:10:55
4,3,Romain,+1.177,00:10:55
4,4,Kevin,+1.519,00:10:55
4,5,Kimi,+1.539,00:10:55
4,6,Antonio,+1.642,00:10:55
4,7,Lewis,- -,00:10:55
4,8,Valtteri,- -,00:10:55
4,9,Lando,- -,00:10:55
4,10,Charles,- -,00:10:55
4,11,Max,- -,00:10:55
4,12,Carlos,- -,00:10:55
4,13,Pierre,- -,00:10:55
4,14,Daniil,- -,00:10:55
4,15,Sebastian,- -,00:10:55
4,16,Nicholas,- -,00:10:55
4,17,Alexander,- -,00:10:55
4,18,Esteban,- -,00:10:55
4,19,Lance,- -,00:10:55
4,20,Daniel,- -,00:10:55
5,1,Nico,1:27.279,00:10:51
5,2,George,+1.163,00:10:51
5,3,Romain,+1.177,00:10:51
5,4,Kevin,+1.519,00:10:51
5,5,Kimi,+1.539,00:10:51
5,6,Antonio,+1.642,00:10:51
5,7,Lewis,- -,00:10:51
5,8,Valtteri,- -,00:10:51
5,9,Lando,- -,00:10:51
5,10,Charles,- -,00:10:51
5,11,Max,- -,00:10:51
5,12,Carlos,- -,00:10:51
5,13,Pierre,- -,00:10:51
5,14,Daniil,- -,00:10:51
5,15,Sebastian,- -,00:10:51
5,16,Nicholas,- -,00:10:51
5,17,Alexander,- -,00:10:51
5,18,Esteban,- -,00:10:51
5,19,Lance,- -,00:10:51
5,20,Daniel,- -,00:10:51
6,1,Nico,1:27.279,00:10:47
6,2,Lando,+0.724,00:10:47
6,3,George,+1.163,00:10:47
6,4,Romain,+1.177,00:10:47
6,5,Kevin,+1.519,00:10:47
6,6,Kimi,+1.539,00:10:47
6,7,Antonio,+1.642,00:10:47
6,8,Lewis,- -,00:10:47
6,9,Valtteri,- -,00:10:47
6,10,Charles,- -,00:10:47
6,11,Max,- -,00:10:47
6,12,Carlos,- -,00:10:47
6,13,Pierre,- -,00:10:47
6,14,Daniil,- -,00:10:47
6,15,Sebastian,- -,00:10:47
6,16,Nicholas,- -,00:10:47
6,17,Alexander,- -,00:10:47
6,18,Esteban,- -,00:10:47
6,19,Lance,- -,00:10:47
6,20,Daniel,- -,00:10:47
7,1,Nico,1:27.279,00:10:41
7,2,Lando,+0.724,00:10:41
7,3,Sebastian,+1.008,00:10:41
7,4,George,+1.163,00:10:41
7,5,Romain,+1.177,00:10:41
7,6,Kevin,+1.519,00:10:41
7,7,Kimi,+1.539,00:10:41
7,8,Antonio,+1.642,00:10:41
7,9,Lewis,- -,00:10:41
7,10,Valtteri,- -,00:10:41
7,11,Charles,- -,00:10:41
7,12,Max,- -,00:10:41
7,13,Alexander,- -,00:10:41
7,14,Carlos,- -,00:10:41
7,15,Pierre,- -,00:10:41
7,16,Daniil,- -,00:10:41
7,17,Nicholas,- -,00:10:41
7,18,Esteban,- -,00:10:41
7,19,Lance,- -,00:10:41
7,20,Daniel,- -,00:10:41
8,1,Nico,1:27.279,00:10:37
8,2,Lando,+0.724,00:10:37
8,3,Sebastian,+1.008,00:10:37
8,4,George,+1.163,00:10:37
8,5,Romain,+1.177,00:10:37
8,6,Kevin,+1.519,00:10:37
8,7,Kimi,+1.539,00:10:37
8,8,Antonio,+1.642,00:10:37
8,9,Lewis,- -,00:10:37
8,10,Valtteri,- -,00:10:37
8,11,Charles,- -,00:10:37
8,12,Max,- -,00:10:37
8,13,Alexander,- -,00:10:37
8,14,Carlos,- -,00:10:37
8,15,Pierre,- -,00:10:37
8,16,Daniil,- -,00:10:37
8,17,Nicholas,- -,00:10:37
8,18,Esteban,- -,00:10:37
8,19,Lance,- -,00:10:37
8,20,Daniel,- -,00:10:37
9,1,Nico,1:27.279,00:10:32
9,2,Charles,+0.458,00:10:32
9,3,Lando,+0.724,00:10:32
9,4,Sebastian,+1.008,00:10:32
9,5,George,+1.163,00:10:32
9,6,Romain,+1.177,00:10:32
9,7,Kevin,+1.519,00:10:32
9,8,Kimi,+1.539,00:10:32
9,9,Antonio,+1.642,00:10:32
9,10,Lewis,- -,00:10:32
9,11,Valtteri,- -,00:10:32
9,12,Max,- -,00:10:32
9,13,Alexander,- -,00:10:32
9,14,Carlos,- -,00:10:32
9,15,Pierre,- -,00:10:32
9,16,Daniil,- -,00:10:32
9,17,Nicholas,- -,00:10:32
9,18,Esteban,- -,00:10:32
9,19,Lance,- -,00:10:32
9,20,Daniel,- -,00:10:32
10,1,Nico,1:27.279,00:10:28
10,2,Charles,+0.458,00:10:28
10,3,Lando,+0.724,00:10:28
10,4,Sebastian,+1.008,00:10:28
10,5,George,+1.163,00:10:28
10,6,Romain,+1.177,00:10:28
10,7,Kevin,+1.519,00:10:28
10,8,Kimi,+1.539,00:10:28
10,9,Antonio,+1.642,00:10:28
10,10,Lewis,- -,00:10:28
10,11,Valtteri,- -,00:10:28
10,12,Max,- -,00:10:28
10,13,Alexander,- -,00:10:28
10,14,Carlos,- -,00:10:28
10,15,Pierre,- -,00:10:28
10,16,Daniil,- -,00:10:28
10,17,Nicholas,- -,00:10:28
10,18,Esteban,- -,00:10:28
10,19,Lance,- -,00:10:28
10,20,Daniel,- -,00:10:28
11,1,Nico,1:27.279,00:10:24
11,2,Charles,+0.458,00:10:24
11,3,Lando,+0.724,00:10:24
11,4,Sebastian,+1.008,00:10:24
11,5,George,+1.163,00:10:24
11,6,Romain,+1.177,00:10:24
11,7,Kevin,+1.519,00:10:24
11,8,Kimi,+1.539,00:10:24
11,9,Antonio,+1.642,00:10:24
11,10,Lewis,- -,00:10:24
11,11,Valtteri,- -,00:10:24
11,12,Max,- -,00:10:24
11,13,Alexander,- -,00:10:24
11,14,Carlos,- -,00:10:24
11,15,Pierre,- -,00:10:24
11,16,Daniil,- -,00:10:24
11,17,Nicholas,- -,00:10:24
11,18,Lance,- -,00:10:24
11,19,Esteban,- -,00:10:24
11,20,Daniel,- -,00:10:24
12,1,Nico,1:27.279,00:10:19
12,2,Charles,+0.458,00:10:19
12,3,Lando,+0.724,00:10:19
12,4,Sebastian,+1.008,00:10:19
12,5,George,+1.163,00:10:19
12,6,Romain,+1.177,00:10:19
12,7,Kevin,+1.519,00:10:19
12,8,Kimi,+1.539,00:10:19
12,9,Antonio,+1.642,00:10:19
12,10,Lewis,- -,00:10:19
12,11,Valtteri,- -,00:10:19
12,12,Max,- -,00:10:19
12,13,Alexander,- -,00:10:19
12,14,Carlos,- -,00:10:19
12,15,Pierre,- -,00:10:19
12,16,Daniil,- -,00:10:19
12,17,Nicholas,- -,00:10:19
12,18,Lance,- -,00:10:19
12,19,Esteban,- -,00:10:19
12,20,Daniel,- -,00:10:19
13,1,Nico,1:27.279,00:10:15
13,2,Charles,+0.458,00:10:15
13,3,Lando,+0.724,00:10:15
13,4,Sebastian,+1.008,00:10:15
13,5,George,+1.163,00:10:15
13,6,Romain,+1.177,00:10:15
13,7,Kevin,+1.519,00:10:15
13,8,Kimi,+1.539,00:10:15
13,9,Antonio,+1.642,00:10:15
13,10,Lewis,- -,00:10:15
13,11,Valtteri,- -,00:10:15
13,12,Max,- -,00:10:15
13,13,Alexander,- -,00:10:15
13,14,Carlos,- -,00:10:15
13,15,Pierre,- -,00:10:15
13,16,Daniil,- -,00:10:15
13,17,Nicholas,- -,00:10:15
13,18,Lance,- -,00:10:15
13,19,Esteban,- -,00:10:15
13,20,Daniel,- -,00:10:15
14,1,Nico,1:27.279,00:10:12
14,2,Charles,+0.458,00:10:12
14,3,Lando,+0.724,00:10:12
14,4,Sebastian,+1.008,00:10:12
14,5,George,+1.163,00:10:12
14,6,Romain,+1.177,00:10:12
14,7,Kevin,+1.519,00:10:12
14,8,Kimi,+1.539,00:10:12
14,9,Antonio,+1.642,00:10:12
14,10,Lewis,- -,00:10:12
14,11,Valtteri,- -,00:10:12
14,12,Max,- -,00:10:12
14,13,Alexander,- -,00:10:12
14,14,Carlos,- -,00:10:12
14,15,Pierre,- -,00:10:12
14,16,Daniil,- -,00:10:12
14,17,Nicholas,- -,00:10:12
14,18,Lance,- -,00:10:12
14,19,Esteban,- -,00:10:12
14,20,Daniel,- -,00:10:12
15,1,Lewis,1:27.175,00:10:05
15,2,Nico,+0.056,00:10:05
15,3,Charles,+0.104,00:10:05
15,4,Lando,+0.562,00:10:05
15,5,Sebastian,+0.828,00:10:05
15,6,George,+1.112,00:10:05
15,7,Romain,+1.267,00:10:05
15,8,Kevin,+1.281,00:10:05
15,9,Kimi,+1.623,00:10:05
15,10,Antonio,+1.643,00:10:05
15,11,Valtteri,+1.746,00:10:05
15,12,Max,- -,00:10:05
15,13,Alexander,- -,00:10:05
15,14,Carlos,- -,00:10:05
15,15,Pierre,- -,00:10:05
15,16,Daniil,- -,00:10:05
15,17,Nicholas,- -,00:10:05
15,18,Lance,- -,00:10:05
15,19,Esteban,- -,00:10:05
15,20,Daniel,- -,00:10:05
16,1,Valtteri,1:27.175,00:10:01
16,2,Lewis,+0.056,00:10:01
16,3,Nico,+0.104,00:10:01
16,4,Charles,+0.562,00:10:01
16,5,Lando,+0.828,00:10:01
16,6,Sebastian,+1.112,00:10:01
16,7,George,+1.267,00:10:01
16,8,Romain,+1.281,00:10:01
16,9,Kevin,+1.623,00:10:01
16,10,Kimi,+1.643,00:10:01
16,11,Antonio,+1.746,00:10:01
16,12,Max,- -,00:10:01
16,13,Alexander,- -,00:10:01
16,14,Carlos,- -,00:10:01
16,15,Pierre,- -,00:10:01
16,16,Daniil,- -,00:10:01
16,17,Nicholas,- -,00:10:01
16,18,Lance,- -,00:10:01
16,19,Esteban,- -,00:10:01
16,20,Daniel,- -,00:10:01
17,1,Valtteri,1:27.175,00:09:55
17,2,Lewis,+0.056,00:09:55
17,3,Nico,+0.104,00:09:55
17,4,Charles,+0.562,00:09:55
17,5,Lando,+0.828,00:09:55
17,6,Sebastian,+1.112,00:09:55
17,7,George,+1.267,00:09:55
17,8,Romain,+1.281,00:09:55
17,9,Kevin,+1.623,00:09:55
17,10,Kimi,+1.643,00:09:55
17,11,Antonio,+1.746,00:09:55
17,12,Max,+2.914,00:09:55
17,13,Alexander,- -,00:09:55
17,14,Carlos,- -,00:09:55
17,15,Pierre,- -,00:09:55
17,16,Daniil,- -,00:09:55
17,17,Nicholas,- -,00:09:55
17,18,Lance,- -,00:09:55
17,19,Esteban,- -,00:09:55
17,20,Daniel,- -,00:09:55
18,1,Valtteri,1:27.175,00:09:50
18,2,Lewis,+0.056,00:09:50
18,3,Nico,+0.104,00:09:50
18,4,Charles,+0.415,00:09:50
18,5,Daniil,+0.562,00:09:50
18,6,Lando,+0.707,00:09:50
18,7,Sebastian,+0.828,00:09:50
18,8,George,+1.112,00:09:50
18,9,Romain,+1.267,00:09:50
18,10,Kevin,+1.281,00:09:50
18,11,Kimi,+1.623,00:09:50
18,12,Antonio,+1.643,00:09:50
18,13,Nicholas,+1.746,00:09:50
18,14,Max,+2.914,00:09:50
18,15,Alexander,- -,00:09:50
18,16,Carlos,- -,00:09:50
18,17,Pierre,- -,00:09:50
18,18,Lance,- -,00:09:50
18,19,Esteban,- -,00:09:50
18,20,Daniel,- -,00:09:50
19,1,Valtteri,1:27.175,00:09:45
19,2,Lewis,+0.056,00:09:45
19,3,Nico,+0.104,00:09:45
19,4,Pierre,+0.415,00:09:45
19,5,Charles,+0.562,00:09:45
19,6,Daniil,+0.707,00:09:45
19,7,Lando,+0.828,00:09:45
19,8,Sebastian,+1.112,00:09:45
19,9,George,+1.267,00:09:45
19,10,Romain,+1.281,00:09:45
19,11,Kevin,+1.623,00:09:45
19,12,Kimi,+1.643,00:09:45
19,13,Antonio,+1.746,00:09:45
19,14,Nicholas,+2.914,00:09:45
19,15,Max,- -,00:09:45
19,16,Alexander,- -,00:09:45
19,17,Carlos,- -,00:09:45
19,18,Lance,- -,00:09:45
19,19,Esteban,- -,00:09:45
19,20,Daniel,- -,00:09:45
20,1,Valtteri,1:27.175,00:09:40
20,2,Lewis,+0.056,00:09:40
20,3,Nico,+0.104,00:09:40
20,4,Pierre,+0.415,00:09:40
20,5,Charles,+0.562,00:09:40
20,6,Daniil,+0.707,00:09:40
20,7,Lando,+0.828,00:09:40
20,8,Sebastian,+1.112,00:09:40
20,9,George,+1.267,00:09:40
20,10,Romain,+1.281,00:09:40
20,11,Kevin,+1.623,00:09:40
20,12,Kimi,+1.643,00:09:40
20,13,Antonio,+1.746,00:09:40
20,14,Nicholas,+2.914,00:09:40
20,15,Max,- -,00:09:40
20,16,Alexander,- -,00:09:40
20,17,Carlos,- -,00:09:40
20,18,Lance,- -,00:09:40
20,19,Esteban,- -,00:09:40
20,20,Daniel,- -,00:09:40
21,1,Valtteri,1:27.175,00:09:35
21,2,Lewis,+0.056,00:09:35
21,3,Nico,+0.104,00:09:35
21,4,Pierre,+0.415,00:09:35
21,5,Charles,+0.562,00:09:35
21,6,Daniil,+0.707,00:09:35
21,7,Lando,+0.828,00:09:35
21,8,Carlos,+0.930,00:09:35
21,9,Sebastian,+1.112,00:09:35
21,10,George,+1.267,00:09:35
21,11,Romain,+1.281,00:09:35
21,12,Kevin,+1.623,00:09:35
21,13,Kimi,+1.643,00:09:35
21,14,Antonio,+1.746,00:09:35
21,15,Nicholas,+2.914,00:09:35
21,16,Max,- -,00:09:35
21,17,Alexander,- -,00:09:35
21,18,Lance,- -,00:09:35
21,19,Esteban,- -,00:09:35
21,20,Daniel,- -,00:09:35
22,1,Max,1:27.154,00:09:29
22,2,Valtteri,+0.021,00:09:29
22,3,Lewis,+0.077,00:09:29
22,4,Nico,+0.125,00:09:29
22,5,Pierre,+0.436,00:09:29
22,6,Charles,+0.583,00:09:29
22,7,Daniil,+0.728,00:09:29
22,8,Lando,+0.849,00:09:29
22,9,Carlos,+0.951,00:09:29
22,10,Sebastian,+1.133,00:09:29
22,11,George,+1.288,00:09:29
22,12,Romain,+1.302,00:09:29
22,13,Kevin,+1.644,00:09:29
22,14,Kimi,+1.664,00:09:29
22,15,Antonio,+1.767,00:09:29
22,16,Nicholas,+2.935,00:09:29
22,17,Alexander,- -,00:09:29
22,18,Lance,- -,00:09:29
22,19,Esteban,- -,00:09:29
22,20,Daniel,- -,00:09:29
23,1,Max,1:27.154,00:09:24
23,2,Valtteri,+0.021,00:09:24
23,3,Lewis,+0.077,00:09:24
23,4,Nico,+0.125,00:09:24
23,5,Pierre,+0.436,00:09:24
23,6,Charles,+0.583,00:09:24
23,7,Daniil,+0.728,00:09:24
23,8,Lando,+0.849,00:09:24
23,9,Carlos,+0.951,00:09:24
23,10,Sebastian,+1.133,00:09:24
23,11,George,+1.288,00:09:24
23,12,Romain,+1.302,00:09:24
23,13,Kevin,+1.644,00:09:24
23,14,Kimi,+1.664,00:09:24
23,15,Antonio,+1.767,00:09:24
23,16,Nicholas,+2.935,00:09:24
23,17,Alexander,- -,00:09:24
23,18,Lance,- -,00:09:24
23,19,Esteban,- -,00:09:24
23,20,Daniel,- -,00:09:24
24,1,Max,1:27.154,00:09:20
24,2,Valtteri,+0.021,00:09:20
24,3,Lewis,+0.077,00:09:20
24,4,Nico,+0.125,00:09:20
24,5,Pierre,+0.436,00:09:20
24,6,Charles,+0.583,00:09:20
24,7,Daniil,+0.728,00:09:20
24,8,Lando,+0.849,00:09:20
24,9,Carlos,+0.951,00:09:20
24,10,Sebastian,+1.133,00:09:20
24,11,George,+1.288,00:09:20
24,12,Romain,+1.302,00:09:20
24,13,Kevin,+1.644,00:09:20
24,14,Kimi,+1.664,00:09:20
24,15,Antonio,+1.767,00:09:20
24,16,Nicholas,+2.935,00:09:20
24,17,Alexander,- -,00:09:20
24,18,Lance,- -,00:09:20
24,19,Esteban,- -,00:09:20
24,20,Daniel,- -,00:09:20
25,1,Max,1:27.154,00:09:16
25,2,Valtteri,+0.021,00:09:16
25,3,Lewis,+0.077,00:09:16
25,4,Nico,+0.125,00:09:16
25,5,Pierre,+0.436,00:09:16
25,6,Charles,+0.583,00:09:16
25,7,Daniil,+0.728,00:09:16
25,8,Lando,+0.849,00:09:16
25,9,Carlos,+0.951,00:09:16
25,10,Sebastian,+1.133,00:09:16
25,11,George,+1.288,00:09:16
25,12,Romain,+1.302,00:09:16
25,13,Alexander,+1.328,00:09:16
25,14,Kevin,+1.644,00:09:16
25,15,Kimi,+1.664,00:09:16
25,16,Antonio,+1.767,00:09:16
25,17,Nicholas,+2.935,00:09:16
25,18,Lance,- -,00:09:16
25,19,Esteban,- -,00:09:16
25,20,Daniel,- -,00:09:16
26,1,Max,1:27.154,00:09:12
26,2,Valtteri,+0.021,00:09:12
26,3,Lewis,+0.077,00:09:12
26,4,Nico,+0.125,00:09:12
26,5,Pierre,+0.436,00:09:12
26,6,Charles,+0.583,00:09:12
26,7,Daniil,+0.728,00:09:12
26,8,Lando,+0.849,00:09:12
26,9,Carlos,+0.951,00:09:12
26,10,Sebastian,+1.133,00:09:12
26,11,George,+1.288,00:09:12
26,12,Romain,+1.302,00:09:12
26,13,Alexander,+1.328,00:09:12
26,14,Kevin,+1.644,00:09:12
26,15,Kimi,+1.664,00:09:12
26,16,Antonio,+1.767,00:09:12
26,17,Nicholas,+2.935,00:09:12
26,18,Lance,- -,00:09:12
26,19,Esteban,- -,00:09:12
26,20,Daniel,- -,00:09:12
27,1,Max,1:27.154,00:09:07
27,2,Valtteri,+0.021,00:09:07
27,3,Lewis,+0.077,00:09:07
27,4,Nico,+0.125,00:09:07
27,5,Pierre,+0.436,00:09:07
27,6,Charles,+0.583,00:09:07
27,7,Daniil,+0.728,00:09:07
27,8,Lando,+0.849,00:09:07
27,9,Carlos,+0.951,00:09:07
27,10,Sebastian,+1.133,00:09:07
27,11,George,+1.288,00:09:07
27,12,Romain,+1.302,00:09:07
27,13,Alexander,+1.328,00:09:07
27,14,Kevin,+1.644,00:09:07
27,15,Kimi,+1.664,00:09:07
27,16,Antonio,+1.767,00:09:07
27,17,Nicholas,+2.935,00:09:07
27,18,Lance,- -,00:09:07
27,19,Esteban,- -,00:09:07
27,20,Daniel,- -,00:09:07
28,1,Max,1:27.154,00:09:03
28,2,Valtteri,+0.021,00:09:03
28,3,Lewis,+0.077,00:09:03
28,4,Nico,+0.125,00:09:03
28,5,Pierre,+0.436,00:09:03
28,6,Charles,+0.583,00:09:03
28,7,Daniil,+0.728,00:09:03
28,8,Lando,+0.849,00:09:03
28,9,Carlos,+0.951,00:09:03
28,10,Sebastian,+1.133,00:09:03
28,11,George,+1.288,00:09:03
28,12,Romain,+1.302,00:09:03
28,13,Alexander,+1.328,00:09:03
28,14,Kevin,+1.644,00:09:03
28,15,Kimi,+1.664,00:09:03
28,16,Antonio,+1.767,00:09:03
28,17,Nicholas,+2.935,00:09:03
28,18,Lance,- -,00:09:03
28,19,Esteban,- -,00:09:03
28,20,Daniel,- -,00:09:03
29,1,Max,1:27.154,00:08:58
29,2,Valtteri,+0.021,00:08:58
29,3,Lewis,+0.077,00:08:58
29,4,Nico,+0.125,00:08:58
29,5,Pierre,+0.436,00:08:58
29,6,Charles,+0.583,00:08:58
29,7,Daniil,+0.728,00:08:58
29,8,Lando,+0.849,00:08:58
29,9,Carlos,+0.951,00:08:58
29,10,Sebastian,+1.133,00:08:58
29,11,George,+1.288,00:08:58
29,12,Romain,+1.302,00:08:58
29,13,Alexander,+1.328,00:08:58
29,14,Kevin,+1.644,00:08:58
29,15,Kimi,+1.664,00:08:58
29,16,Antonio,+1.767,00:08:58
29,17,Nicholas,+2.935,00:08:58
29,18,Lance,- -,00:08:58
29,19,Esteban,- -,00:08:58
29,20,Daniel,- -,00:08:58
30,1,Max,1:27.154,00:08:51
30,2,Valtteri,+0.021,00:08:51
30,3,Lewis,+0.077,00:08:51
30,4,Nico,+0.125,00:08:51
30,5,Pierre,+0.436,00:08:51
30,6,Charles,+0.583,00:08:51
30,7,Daniil,+0.728,00:08:51
30,8,Lando,+0.849,00:08:51
30,9,Carlos,+0.951,00:08:51
30,10,Sebastian,+1.133,00:08:51
30,11,George,+1.288,00:08:51
30,12,Romain,+1.302,00:08:51
30,13,Alexander,+1.328,00:08:51
30,14,Kevin,+1.644,00:08:51
30,15,Kimi,+1.664,00:08:51
30,16,Antonio,+1.767,00:08:51
30,17,Nicholas,+2.935,00:08:51
30,18,Lance,- -,00:08:51
30,19,,- -,00:08:51
1,1,Max,1:27.154,00:08:30
1,2,Valtteri,+0.021,00:08:30
1,3,Lewis,+0.077,00:08:30
1,4,Nico,+0.125,00:08:30
1,5,Pierre,+0.436,00:08:30
1,6,Charles,+0.583,00:08:30
1,7,Daniil,+0.728,00:08:30
1,8,Lando,+0.849,00:08:30
1,9,Carlos,+0.951,00:08:30
1,10,Sebastian,+1.133,00:08:30
1,11,George,+1.288,00:08:30
1,12,Romain,+1.302,00:08:30
1,13,Alexander,+1.328,00:08:30
1,14,Kevin,+1.644,00:08:30
1,15,Kimi,+1.664,00:08:30
1,16,Antonio,+1.767,00:08:30
1,17,Nicholas,+2.935,00:08:30
1,18,Esteban,- -,00:08:30
1,19,Lance,- -,00:08:30
1,20,Daniel,- -,00:08:30
2,1,Max,1:27.154,00:08:25
2,2,Valtteri,+0.021,00:08:25
2,3,Lewis,+0.077,00:08:25
2,4,Nico,+0.125,00:08:25
2,5,Pierre,+0.436,00:08:25
2,6,Charles,+0.583,00:08:25
2,7,Daniil,+0.728,00:08:25
2,8,Lando,+0.849,00:08:25
2,9,Carlos,+0.951,00:08:25
2,10,Sebastian,+1.133,00:08:25
2,11,George,+1.288,00:08:25
2,12,Romain,+1.302,00:08:25
2,13,Alexander,+1.328,00:08:25
2,14,Kevin,+1.644,00:08:25
2,15,Kimi,+1.664,00:08:25
2,16,Antonio,+1.767,00:08:25
2,17,Nicholas,+2.935,00:08:25
2,18,Esteban,- -,00:08:25
2,19,Lance,- -,00:08:25
2,20,Daniel,- -,00:08:25
3,1,Max,1:27.154,00:08:21
3,2,Valtteri,+0.021,00:08:21
3,3,Lewis,+0.077,00:08:21
3,4,Nico,+0.125,00:08:21
3,5,Pierre,+0.436,00:08:21
3,6,Charles,+0.583,00:08:21
3,7,Daniil,+0.728,00:08:21
3,8,Lando,+0.849,00:08:21
3,9,Carlos,+0.951,00:08:21
3,10,Sebastian,+1.133,00:08:21
3,11,George,+1.288,00:08:21
3,12,Romain,+1.302,00:08:21
3,13,Alexander,+1.328,00:08:21
3,14,Kevin,+1.644,00:08:21
3,15,Kimi,+1.664,00:08:21
3,16,Antonio,+1.767,00:08:21
3,17,Nicholas,+2.935,00:08:21
3,18,Esteban,- -,00:08:21
3,19,Lance,- -,00:08:21
3,20,Daniel,- -,00:08:21
4,1,Max,1:27.154,00:08:16
4,2,Valtteri,+0.021,00:08:16
4,3,Lewis,+0.077,00:08:16
4,4,Nico,+0.125,00:08:16
4,5,Pierre,+0.436,00:08:16
4,6,Charles,+0.583,00:08:16
4,7,Daniil,+0.728,00:08:16
4,8,Lando,+0.849,00:08:16
4,9,Carlos,+0.951,00:08:16
4,10,Sebastian,+1.133,00:08:16
4,11,George,+1.288,00:08:16
4,12,Romain,+1.302,00:08:16
4,13,Alexander,+1.328,00:08:16
4,14,Kevin,+1.644,00:08:16
4,15,Kimi,+1.664,00:08:16
4,16,Antonio,+1.767,00:08:16
4,17,Nicholas,+2.935,00:08:16
4,18,Lance,- -,00:08:16
4,19,Esteban,- -,00:08:16
4,20,Daniel,- -,00:08:16
5,1,Max,1:27.154,00:08:12
5,2,Valtteri,+0.021,00:08:12
5,3,Lewis,+0.077,00:08:12
5,4,Nico,+0.125,00:08:12
5,5,Pierre,+0.436,00:08:12
5,6,Charles,+0.583,00:08:12
5,7,Daniil,+0.728,00:08:12
5,8,Lando,+0.849,00:08:12
5,9,Carlos,+0.951,00:08:12
5,10,Sebastian,+1.133,00:08:12
5,11,George,+1.288,00:08:12
5,12,Romain,+1.302,00:08:12
5,13,Alexander,+1.328,00:08:12
5,14,Kevin,+1.644,00:08:12
5,15,Kimi,+1.664,00:08:12
5,16,Antonio,+1.767,00:08:12
5,17,Nicholas,+2.935,00:08:12
5,18,Lance,- -,00:08:12
5,19,Esteban,- -,00:08:12
5,20,Daniel,- -,00:08:12
6,1,Max,1:27.154,00:08:07
6,2,Valtteri,+0.021,00:08:07
6,3,Lewis,+0.077,00:08:07
6,4,Nico,+0.125,00:08:07
6,5,Pierre,+0.436,00:08:07
6,6,Charles,+0.583,00:08:07
6,7,Daniil,+0.728,00:08:07
6,8,Lando,+0.849,00:08:07
6,9,Carlos,+0.951,00:08:07
6,10,Sebastian,+1.133,00:08:07
6,11,George,+1.288,00:08:07
6,12,Romain,+1.302,00:08:07
6,13,Alexander,+1.328,00:08:07
6,14,Kevin,+1.644,00:08:07
6,15,Kimi,+1.664,00:08:07
6,16,Antonio,+1.767,00:08:07
6,17,Nicholas,+2.935,00:08:07
6,18,Lance,- -,00:08:07
6,19,Esteban,- -,00:08:07
6,20,Daniel,- -,00:08:07
7,1,Max,1:27.154,00:08:02
7,2,Valtteri,+0.021,00:08:02
7,3,Lewis,+0.077,00:08:02
7,4,Nico,+0.125,00:08:02
7,5,Pierre,+0.436,00:08:02
7,6,Charles,+0.583,00:08:02
7,7,Daniil,+0.728,00:08:02
7,8,Lando,+0.849,00:08:02
7,9,Carlos,+0.951,00:08:02
7,10,Sebastian,+1.133,00:08:02
7,11,George,+1.288,00:08:02
7,12,Romain,+1.302,00:08:02
7,13,Alexander,+1.328,00:08:02
7,14,Kevin,+1.644,00:08:02
7,15,Kimi,+1.664,00:08:02
7,16,Antonio,+1.767,00:08:02
7,17,Nicholas,+2.935,00:08:02
7,18,Lance,- -,00:08:02
7,19,Esteban,- -,00:08:02
7,20,Daniel,- -,00:08:02
8,1,Max,1:27.154,00:07:58
8,2,Valtteri,+0.021,00:07:58
8,3,Lewis,+0.077,00:07:58
8,4,Nico,+0.125,00:07:58
8,5,Pierre,+0.436,00:07:58
8,6,Charles,+0.583,00:07:58
8,7,Daniil,+0.728,00:07:58
8,8,Lando,+0.849,00:07:58
8,9,Carlos,+0.951,00:07:58
8,10,Sebastian,+1.133,00:07:58
8,11,George,+1.288,00:07:58
8,12,Romain,+1.302,00:07:58
8,13,Alexander,+1.328,00:07:58
8,14,Kevin,+1.644,00:07:58
8,15,Kimi,+1.664,00:07:58
8,16,Antonio,+1.767,00:07:58
8,17,Nicholas,+2.935,00:07:58
8,18,Lance,- -,00:07:58
8,19,Esteban,- -,00:07:58
8,20,Daniel,- -,00:07:58
9,1,Max,1:27.154,00:07:52
9,2,Valtteri,+0.021,00:07:52
9,3,Lewis,+0.077,00:07:52
9,4,Nico,+0.125,00:07:52
9,5,Pierre,+0.436,00:07:52
9,6,Charles,+0.583,00:07:52
9,7,Daniil,+0.728,00:07:52
9,8,Lando,+0.849,00:07:52
9,9,Carlos,+0.951,00:07:52
9,10,Sebastian,+1.133,00:07:52
9,11,George,+1.288,00:07:52
9,12,Romain,+1.302,00:07:52
9,13,Alexander,+1.328,00:07:52
9,14,Kevin,+1.644,00:07:52
9,15,Kimi,+1.664,00:07:52
9,16,Antonio,+1.767,00:07:52
9,17,Nicholas,+2.935,00:07:52
9,18,Lance,- -,00:07:52
9,19,Esteban,- -,00:07:52
9,20,Daniel,- -,00:07:52
10,1,Max,1:27.154,00:07:47
10,2,Valtteri,+0.021,00:07:47
10,3,Lewis,+0.077,00:07:47
10,4,Nico,+0.125,00:07:47
10,5,Pierre,+0.436,00:07:47
10,6,Charles,+0.583,00:07:47
10,7,Daniil,+0.728,00:07:47
10,8,Lando,+0.849,00:07:47
10,9,Carlos,+0.951,00:07:47
10,10,Sebastian,+1.133,00:07:47
10,11,George,+1.288,00:07:47
10,12,Romain,+1.302,00:07:47
10,13,Alexander,+1.328,00:07:47
10,14,Kevin,+1.644,00:07:47
10,15,Kimi,+1.664,00:07:47
10,16,Antonio,+1.767,00:07:47
10,17,Nicholas,+2.935,00:07:47
10,18,Lance,- -,00:07:47
10,19,Esteban,- -,00:07:47
10,20,Daniel,- -,00:07:47
11,1,Max,1:27.154,00:07:43
11,2,Valtteri,+0.021,00:07:43
11,3,Lewis,+0.077,00:07:43
11,4,Nico,+0.125,00:07:43
11,5,Pierre,+0.436,00:07:43
11,6,Charles,+0.583,00:07:43
11,7,Daniil,+0.728,00:07:43
11,8,Lando,+0.849,00:07:43
11,9,Carlos,+0.951,00:07:43
11,10,Sebastian,+1.133,00:07:43
11,11,George,+1.288,00:07:43
11,12,Romain,+1.302,00:07:43
11,13,Alexander,+1.328,00:07:43
11,14,Kevin,+1.644,00:07:43
11,15,Kimi,+1.664,00:07:43
11,16,Antonio,+1.767,00:07:43
11,17,Nicholas,+2.935,00:07:43
11,18,Lance,- -,00:07:43
11,19,Esteban,- -,00:07:43
11,20,Daniel,- -,00:07:43
12,1,Max,1:27.154,00:07:39
12,2,Valtteri,+0.021,00:07:39
12,3,Lewis,+0.077,00:07:39
12,4,Nico,+0.125,00:07:39
12,5,Pierre,+0.436,00:07:39
12,6,Charles,+0.583,00:07:39
12,7,Daniil,+0.728,00:07:39
12,8,Lando,+0.849,00:07:39
12,9,Carlos,+0.951,00:07:39
12,10,Sebastian,+1.133,00:07:39
12,11,George,+1.288,00:07:39
12,12,Romain,+1.302,00:07:39
12,13,Alexander,+1.328,00:07:39
12,14,Kevin,+1.644,00:07:39
12,15,Kimi,+1.664,00:07:39
12,16,Antonio,+1.767,00:07:39
12,17,Nicholas,+2.935,00:07:39
12,18,Lance,- -,00:07:39
12,19,Esteban,- -,00:07:39
12,20,Daniel,- -,00:07:39
13,1,Max,1:27.154,00:07:35
13,2,Valtteri,+0.021,00:07:35
13,3,Lewis,+0.077,00:07:35
13,4,Nico,+0.125,00:07:35
13,5,Pierre,+0.436,00:07:35
13,6,Charles,+0.583,00:07:35
13,7,Daniil,+0.728,00:07:35
13,8,Lando,+0.849,00:07:35
13,9,Carlos,+0.951,00:07:35
13,10,Sebastian,+1.133,00:07:35
13,11,George,+1.288,00:07:35
13,12,Romain,+1.302,00:07:35
13,13,Alexander,+1.328,00:07:35
13,14,Kevin,+1.644,00:07:35
13,15,Kimi,+1.664,00:07:35
13,16,Antonio,+1.767,00:07:35
13,17,Nicholas,+2.935,00:07:35
13,18,Lance,- -,00:07:35
13,19,Esteban,- -,00:07:35
13,20,Daniel,- -,00:07:35
14,1,Max,1:27.154,00:07:32
14,2,Valtteri,+0.021,00:07:32
14,3,Lewis,+0.077,00:07:32
14,4,Nico,+0.125,00:07:32
14,5,Pierre,+0.436,00:07:32
14,6,Charles,+0.583,00:07:32
14,7,Daniil,+0.728,00:07:32
14,8,Lando,+0.849,00:07:32
14,9,Carlos,+0.951,00:07:32
14,10,Sebastian,+1.133,00:07:32
14,11,George,+1.288,00:07:32
14,12,Romain,+1.302,00:07:32
14,13,Alexander,+1.328,00:07:32
14,14,Kevin,+1.644,00:07:32
14,15,Kimi,+1.664,00:07:32
14,16,Antonio,+1.767,00:07:32
14,17,Nicholas,+2.935,00:07:32
14,18,Lance,- -,00:07:32
14,19,Esteban,- -,00:07:32
14,20,Daniel,- -,00:07:32
15,1,Max,1:27.154,00:07:28
15,2,Valtteri,+0.021,00:07:28
15,3,Lewis,+0.077,00:07:28
15,4,Nico,+0.125,00:07:28
15,5,Pierre,+0.436,00:07:28
15,6,Charles,+0.583,00:07:28
15,7,Daniil,+0.728,00:07:28
15,8,Lando,+0.849,00:07:28
15,9,Carlos,+0.951,00:07:28
15,10,Sebastian,+1.133,00:07:28
15,11,George,+1.288,00:07:28
15,12,Romain,+1.302,00:07:28
15,13,Alexander,+1.328,00:07:28
15,14,Kevin,+1.644,00:07:28
15,15,Kimi,+1.664,00:07:28
15,16,Antonio,+1.767,00:07:28
15,17,Nicholas,+2.935,00:07:28
15,18,Lance,- -,00:07:28
15,19,Esteban,- -,00:07:28
15,20,Daniel,- -,00:07:28
16,1,Max,1:27.154,00:07:23
16,2,Valtteri,+0.021,00:07:23
16,3,Lewis,+0.077,00:07:23
16,4,Nico,+0.125,00:07:23
16,5,Pierre,+0.436,00:07:23
16,6,Charles,+0.583,00:07:23
16,7,Daniil,+0.728,00:07:23
16,8,Esteban,+0.775,00:07:23
16,9,Lando,+0.849,00:07:23
16,10,Carlos,+0.951,00:07:23
16,11,Sebastian,+1.133,00:07:23
16,12,George,+1.288,00:07:23
16,13,Romain,+1.302,00:07:23
16,14,Alexander,+1.328,00:07:23
16,15,Kevin,+1.644,00:07:23
16,16,Kimi,+1.664,00:07:23
16,17,Antonio,+1.767,00:07:23
16,18,Nicholas,+2.935,00:07:23
16,19,Lance,- -,00:07:23
16,20,Daniel,- -,00:07:23
17,1,Max,1:27.154,00:07:19
17,2,Valtteri,+0.021,00:07:19
17,3,Lewis,+0.077,00:07:19
17,4,Nico,+0.125,00:07:19
17,5,Pierre,+0.436,00:07:19
17,6,Charles,+0.583,00:07:19
17,7,Daniil,+0.728,00:07:19
17,8,Esteban,+0.775,00:07:19
17,9,Lando,+0.849,00:07:19
17,10,Carlos,+0.951,00:07:19
17,11,Sebastian,+1.133,00:07:19
17,12,George,+1.288,00:07:19
17,13,Romain,+1.302,00:07:19
17,14,Alexander,+1.328,00:07:19
17,15,Kevin,+1.644,00:07:19
17,16,Kimi,+1.664,00:07:19
17,17,Antonio,+1.767,00:07:19
17,18,Nicholas,+2.935,00:07:19
17,19,Lance,- -,00:07:19
17,20,Daniel,- -,00:07:19
18,1,Max,1:27.154,00:07:15
18,2,Valtteri,+0.021,00:07:15
18,3,Lewis,+0.077,00:07:15
18,4,Nico,+0.125,00:07:15
18,5,Pierre,+0.436,00:07:15
18,6,Charles,+0.583,00:07:15
18,7,Daniil,+0.728,00:07:15
18,8,Esteban,+0.775,00:07:15
18,9,Lando,+0.849,00:07:15
18,10,Carlos,+0.951,00:07:15
18,11,Sebastian,+1.133,00:07:15
18,12,George,+1.288,00:07:15
18,13,Romain,+1.302,00:07:15
18,14,Alexander,+1.328,00:07:15
18,15,Kevin,+1.644,00:07:15
18,16,Kimi,+1.664,00:07:15
18,17,Antonio,+1.767,00:07:15
18,18,Nicholas,+2.935,00:07:15
18,19,Lance,- -,00:07:15
18,20,Daniel,- -,00:07:15
19,1,Max,1:27.154,00:07:10
19,2,Valtteri,+0.021,00:07:10
19,3,Lewis,+0.077,00:07:10
19,4,Nico,+0.125,00:07:10
19,5,Pierre,+0.436,00:07:10
19,6,Charles,+0.583,00:07:10
19,7,Daniil,+0.728,00:07:10
19,8,Esteban,+0.775,00:07:10
19,9,Lando,+0.849,00:07:10
19,10,Carlos,+0.951,00:07:10
19,11,Sebastian,+1.133,00:07:10
19,12,George,+1.288,00:07:10
19,13,Romain,+1.302,00:07:10
19,14,Alexander,+1.328,00:07:10
19,15,Kevin,+1.644,00:07:10
19,16,Kimi,+1.664,00:07:10
19,17,Antonio,+1.767,00:07:10
19,18,Nicholas,+2.935,00:07:10
19,19,Lance,- -,00:07:10
19,20,Daniel,- -,00:07:10
20,1,Max,1:27.154,00:07:06
20,2,Valtteri,+0.021,00:07:06
20,3,Lewis,+0.077,00:07:06
20,4,Nico,+0.125,00:07:06
20,5,Pierre,+0.436,00:07:06
20,6,Charles,+0.583,00:07:06
20,7,Daniil,+0.728,00:07:06
20,8,Esteban,+0.775,00:07:06
20,9,Lando,+0.849,00:07:06
20,10,Carlos,+0.951,00:07:06
20,11,Sebastian,+1.133,00:07:06
20,12,George,+1.288,00:07:06
20,13,Romain,+1.302,00:07:06
20,14,Alexander,+1.328,00:07:06
20,15,Kevin,+1.644,00:07:06
20,16,Kimi,+1.664,00:07:06
20,17,Antonio,+1.767,00:07:06
20,18,Nicholas,+2.935,00:07:06
20,19,Lance,- -,00:07:06
20,20,Daniel,- -,00:07:06
21,1,Max,1:27.154,00:07:02
21,2,Valtteri,+0.021,00:07:02
21,3,Lewis,+0.077,00:07:02
21,4,Nico,+0.125,00:07:02
21,5,Pierre,+0.436,00:07:02
21,6,Charles,+0.583,00:07:02
21,7,Daniil,+0.728,00:07:02
21,8,Esteban,+0.775,00:07:02
21,9,Lando,+0.849,00:07:02
21,10,Carlos,+0.951,00:07:02
21,11,Sebastian,+1.133,00:07:02
21,12,George,+1.288,00:07:02
21,13,Romain,+1.302,00:07:02
21,14,Alexander,+1.328,00:07:02
21,15,Kevin,+1.644,00:07:02
21,16,Kimi,+1.664,00:07:02
21,17,Antonio,+1.767,00:07:02
21,18,Nicholas,+2.935,00:07:02
21,19,Lance,- -,00:07:02
21,20,Daniel,- -,00:07:02
22,1,Max,1:27.154,00:06:59
22,2,Valtteri,+0.021,00:06:59
22,3,Lewis,+0.077,00:06:59
22,4,Nico,+0.125,00:06:59
22,5,Pierre,+0.436,00:06:59
22,6,Charles,+0.583,00:06:59
22,7,Daniil,+0.728,00:06:59
22,8,Esteban,+0.775,00:06:59
22,9,Lando,+0.849,00:06:59
22,10,Carlos,+0.951,00:06:59
22,11,Sebastian,+1.133,00:06:59
22,12,George,+1.288,00:06:59
22,13,Romain,+1.302,00:06:59
22,14,Alexander,+1.328,00:06:59
22,15,Kevin,+1.644,00:06:59
22,16,Kimi,+1.664,00:06:59
22,17,Antonio,+1.767,00:06:59
22,18,Nicholas,+2.935,00:06:59
22,19,Lance,- -,00:06:59
22,20,Daniel,- -,00:06:59
23,1,Max,1:27.154,00:06:55
23,2,Valtteri,+0.021,00:06:55
23,3,Lewis,+0.077,00:06:55
23,4,Nico,+0.125,00:06:55
23,5,Pierre,+0.436,00:06:55
23,6,Charles,+0.583,00:06:55
23,7,Daniil,+0.728,00:06:55
23,8,Esteban,+0.775,00:06:55
23,9,Lando,+0.849,00:06:55
23,10,Carlos,+0.951,00:06:55
23,11,Sebastian,+1.133,00:06:55
23,12,George,+1.288,00:06:55
23,13,Romain,+1.302,00:06:55
23,14,Alexander,+1.328,00:06:55
23,15,Kevin,+1.644,00:06:55
23,16,Kimi,+1.664,00:06:55
23,17,Antonio,+1.767,00:06:55
23,18,Nicholas,+2.935,00:06:55
23,19,Lance,- -,00:06:55
23,20,Daniel,- -,00:06:55
24,1,Max,1:27.154,00:06:51
24,2,Valtteri,+0.021,00:06:51
24,3,Lewis,+0.077,00:06:51
24,4,Nico,+0.125,00:06:51
24,5,Pierre,+0.436,00:06:51
24,6,Charles,+0.583,00:06:51
24,7,Daniil,+0.728,00:06:51
24,8,Esteban,+0.775,00:06:51
24,9,Lando,+0.849,00:06:51
24,10,Carlos,+0.951,00:06:51
24,11,Lance,+0.964,00:06:51
24,12,Sebastian,+1.086,00:06:51
24,13,George,+1.133,00:06:51
24,14,Romain,+1.288,00:06:51
24,15,Alexander,+1.328,00:06:51
24,16,Kevin,+1.644,00:06:51
24,17,Kimi,+1.664,00:06:51
24,18,Antonio,+1.767,00:06:51
24,19,Nicholas,+2.935,00:06:51
24,20,Daniel,- -,00:06:51
25,1,Max,1:27.154,00:06:46
25,2,Valtteri,+0.021,00:06:46
25,3,Lewis,+0.077,00:06:46
25,4,Nico,+0.125,00:06:46
25,5,Pierre,+0.436,00:06:46
25,6,Charles,+0.583,00:06:46
25,7,Daniil,+0.728,00:06:46
25,8,Esteban,+0.775,00:06:46
25,9,Lando,+0.849,00:06:46
25,10,Carlos,+0.951,00:06:46
25,11,Romain,+0.964,00:06:46
25,12,Lance,+1.086,00:06:46
25,13,Sebastian,+1.133,00:06:46
25,14,George,+1.288,00:06:46
25,15,Alexander,+1.328,00:06:46
25,16,Kevin,+1.433,00:06:46
25,17,Kimi,+1.664,00:06:46
25,18,Antonio,+1.767,00:06:46
25,19,Nicholas,+2.935,00:06:46
25,20,Daniel,- -,00:06:46
1,1,Max,1:27.154,00:06:23
1,2,Valtteri,+0.021,00:06:23
1,3,Lewis,+0.077,00:06:23
1,4,Nico,+0.125,00:06:23
1,5,Charles,+0.273,00:06:23
1,6,Daniel,+0.288,00:06:23
1,7,Pierre,+0.436,00:06:23
1,8,Daniil,+0.728,00:06:23
1,9,Esteban,+0.775,00:06:23
1,10,Lando,+0.849,00:06:23
1,11,Carlos,+0.951,00:06:23
1,12,Romain,+0.964,00:06:23
1,13,Sebastian,+1.036,00:06:23
1,14,Lance,+1.086,00:06:23
1,15,George,+1.288,00:06:23
1,16,Alexander,+1.328,00:06:23
1,17,Kevin,+1.433,00:06:23
1,18,Kimi,+1.664,00:06:23
1,19,Antonio,+1.767,00:06:23
1,20,Nicholas,+2.935,00:06:23
2,1,Lewis,1:26.818,00:06:18
2,2,Max,+0.336,00:06:18
2,3,Valtteri,+0.357,00:06:18
2,4,Nico,+0.461,00:06:18
2,5,Charles,+0.609,00:06:18
2,6,Daniel,+0.624,00:06:18
2,7,Pierre,+0.772,00:06:18
2,8,Daniil,+1.064,00:06:18
2,9,Esteban,+1.111,00:06:18
2,10,Lando,+1.185,00:06:18
2,11,Carlos,+1.287,00:06:18
2,12,Romain,+1.300,00:06:18
2,13,Sebastian,+1.372,00:06:18
2,14,Lance,+1.422,00:06:18
2,15,George,+1.624,00:06:18
2,16,Alexander,+1.664,00:06:18
2,17,Kevin,+1.769,00:06:18
2,18,Kimi,+2.000,00:06:18
2,19,Antonio,+2.103,00:06:18
2,20,Nicholas,+3.271,00:06:18
3,1,Lewis,1:26.818,00:06:13
3,2,Max,+0.181,00:06:13
3,3,Valtteri,+0.336,00:06:13
3,4,Nico,+0.461,00:06:13
3,5,Charles,+0.609,00:06:13
3,6,Daniel,+0.624,00:06:13
3,7,Pierre,+0.772,00:06:13
3,8,Daniil,+1.064,00:06:13
3,9,Esteban,+1.111,00:06:13
3,10,Lando,+1.185,00:06:13
3,11,Carlos,+1.287,00:06:13
3,12,Romain,+1.300,00:06:13
3,13,Sebastian,+1.372,00:06:13
3,14,Lance,+1.422,00:06:13
3,15,George,+1.624,00:06:13
3,16,Alexander,+1.664,00:06:13
3,17,Kevin,+1.769,00:06:13
3,18,Kimi,+2.000,00:06:13
3,19,Antonio,+2.103,00:06:13
3,20,Nicholas,+3.271,00:06:13
4,1,Lewis,1:26.818,00:06:09
4,2,Valtteri,+0.181,00:06:09
4,3,Max,+0.336,00:06:09
4,4,Nico,+0.461,00:06:09
4,5,Charles,+0.609,00:06:09
4,6,Daniel,+0.624,00:06:09
4,7,Pierre,+0.772,00:06:09
4,8,Daniil,+1.064,00:06:09
4,9,Esteban,+1.111,00:06:09
4,10,Lando,+1.185,00:06:09
4,11,Carlos,+1.287,00:06:09
4,12,Romain,+1.300,00:06:09
4,13,Sebastian,+1.372,00:06:09
4,14,Lance,+1.422,00:06:09
4,15,George,+1.624,00:06:09
4,16,Alexander,+1.664,00:06:09
4,17,Kevin,+1.769,00:06:09
4,18,Kimi,+2.000,00:06:09
4,19,Antonio,+2.103,00:06:09
4,20,Nicholas,+3.271,00:06:09
5,1,Lewis,1:26.818,00:06:05
5,2,Valtteri,+0.181,00:06:05
5,3,Max,+0.336,00:06:05
5,4,Nico,+0.461,00:06:05
5,5,Charles,+0.609,00:06:05
5,6,Daniel,+0.624,00:06:05
5,7,Pierre,+0.772,00:06:05
5,8,Daniil,+1.064,00:06:05
5,9,Esteban,+1.111,00:06:05
5,10,Lando,+1.185,00:06:05
5,11,Carlos,+1.287,00:06:05
5,12,Romain,+1.300,00:06:05
5,13,Sebastian,+1.372,00:06:05
5,14,Lance,+1.422,00:06:05
5,15,George,+1.624,00:06:05
5,16,Alexander,+1.664,00:06:05
5,17,Kevin,+1.769,00:06:05
5,18,Kimi,+2.000,00:06:05
5,19,Antonio,+2.103,00:06:05
5,20,Nicholas,+3.271,00:06:05
6,1,Lewis,1:26.818,00:06:02
6,2,Valtteri,+0.181,00:06:02
6,3,Max,+0.336,00:06:02
6,4,Nico,+0.461,00:06:02
6,5,Charles,+0.609,00:06:02
6,6,Daniel,+0.624,00:06:02
6,7,Pierre,+0.772,00:06:02
6,8,Daniil,+1.064,00:06:02
6,9,Esteban,+1.111,00:06:02
6,10,Lando,+1.185,00:06:02
6,11,Carlos,+1.287,00:06:02
6,12,Romain,+1.300,00:06:02
6,13,Sebastian,+1.372,00:06:02
6,14,Lance,+1.422,00:06:02
6,15,George,+1.624,00:06:02
6,16,Alexander,+1.664,00:06:02
6,17,Kevin,+1.769,00:06:02
6,18,Kimi,+2.000,00:06:02
6,19,Antonio,+2.103,00:06:02
6,20,Nicholas,+3.271,00:06:02
7,1,Lewis,1:26.818,00:05:58
7,2,Valtteri,+0.181,00:05:58
7,3,Max,+0.336,00:05:58
7,4,Nico,+0.461,00:05:58
7,5,Charles,+0.609,00:05:58
7,6,Daniel,+0.624,00:05:58
7,7,Pierre,+0.772,00:05:58
7,8,Daniil,+1.064,00:05:58
7,9,Esteban,+1.111,00:05:58
7,10,Lando,+1.185,00:05:58
7,11,Carlos,+1.287,00:05:58
7,12,Romain,+1.300,00:05:58
7,13,Sebastian,+1.372,00:05:58
7,14,Lance,+1.422,00:05:58
7,15,George,+1.624,00:05:58
7,16,Alexander,+1.664,00:05:58
7,17,Kevin,+1.769,00:05:58
7,18,Kimi,+2.000,00:05:58
7,19,Antonio,+2.103,00:05:58
7,20,Nicholas,+3.271,00:05:58
8,1,Lewis,1:26.818,00:05:54
8,2,Valtteri,+0.181,00:05:54
8,3,Max,+0.336,00:05:54
8,4,Nico,+0.461,00:05:54
8,5,Charles,+0.609,00:05:54
8,6,Daniel,+0.624,00:05:54
8,7,Pierre,+0.772,00:05:54
8,8,Daniil,+1.064,00:05:54
8,9,Esteban,+1.111,00:05:54
8,10,Lando,+1.185,00:05:54
8,11,Carlos,+1.287,00:05:54
8,12,Romain,+1.300,00:05:54
8,13,Sebastian,+1.372,00:05:54
8,14,Lance,+1.422,00:05:54
8,15,George,+1.624,00:05:54
8,16,Alexander,+1.664,00:05:54
8,17,Kevin,+1.769,00:05:54
8,18,Kimi,+2.000,00:05:54
8,19,Antonio,+2.103,00:05:54
8,20,Nicholas,+3.271,00:05:54
9,1,Lewis,1:26.818,00:05:51
9,2,Valtteri,+0.181,00:05:51
9,3,Max,+0.336,00:05:51
9,4,Nico,+0.461,00:05:51
9,5,Charles,+0.609,00:05:51
9,6,Daniel,+0.624,00:05:51
9,7,Pierre,+0.772,00:05:51
9,8,Daniil,+1.064,00:05:51
9,9,Esteban,+1.111,00:05:51
9,10,Lando,+1.185,00:05:51
9,11,Carlos,+1.287,00:05:51
9,12,Romain,+1.300,00:05:51
9,13,Sebastian,+1.372,00:05:51
9,14,Lance,+1.422,00:05:51
9,15,George,+1.624,00:05:51
9,16,Alexander,+1.664,00:05:51
9,17,Kevin,+1.769,00:05:51
9,18,Kimi,+2.000,00:05:51
9,19,Antonio,+2.103,00:05:51
9,20,Nicholas,+3.271,00:05:51
10,1,Lewis,1:26.818,00:05:47
10,2,Valtteri,+0.181,00:05:47
10,3,Max,+0.336,00:05:47
10,4,Nico,+0.461,00:05:47
10,5,Charles,+0.609,00:05:47
10,6,Daniel,+0.624,00:05:47
10,7,Pierre,+0.772,00:05:47
10,8,Daniil,+1.064,00:05:47
10,9,Esteban,+1.111,00:05:47
10,10,Lando,+1.185,00:05:47
10,11,Carlos,+1.287,00:05:47
10,12,Romain,+1.300,00:05:47
10,13,Sebastian,+1.372,00:05:47
10,14,Lance,+1.422,00:05:47
10,15,George,+1.624,00:05:47
10,16,Alexander,+1.664,00:05:47
10,17,Kevin,+1.769,00:05:47
10,18,Kimi,+2.000,00:05:47
10,19,Antonio,+2.103,00:05:47
10,20,Nicholas,+3.271,00:05:47
11,1,Lewis,1:26.818,00:05:43
11,2,Valtteri,+0.181,00:05:43
11,3,Max,+0.336,00:05:43
11,4,Nico,+0.461,00:05:43
11,5,Charles,+0.609,00:05:43
11,6,Daniel,+0.624,00:05:43
11,7,Pierre,+0.772,00:05:43
11,8,Daniil,+1.064,00:05:43
11,9,Esteban,+1.111,00:05:43
11,10,Lando,+1.185,00:05:43
11,11,Carlos,+1.287,00:05:43
11,12,Romain,+1.300,00:05:43
11,13,Sebastian,+1.372,00:05:43
11,14,Lance,+1.422,00:05:43
11,15,George,+1.624,00:05:43
11,16,Alexander,+1.664,00:05:43
11,17,Kevin,+1.769,00:05:43
11,18,Kimi,+2.000,00:05:43
11,19,Antonio,+2.103,00:05:43
11,20,Nicholas,+3.271,00:05:43
12,1,Lewis,1:26.818,00:05:39
12,2,Valtteri,+0.181,00:05:39
12,3,Max,+0.336,00:05:39
12,4,Nico,+0.461,00:05:39
12,5,Charles,+0.609,00:05:39
12,6,Daniel,+0.624,00:05:39
12,7,Pierre,+0.772,00:05:39
12,8,Daniil,+1.064,00:05:39
12,9,Esteban,+1.111,00:05:39
12,10,Lando,+1.185,00:05:39
12,11,Carlos,+1.287,00:05:39
12,12,Romain,+1.300,00:05:39
12,13,Sebastian,+1.372,00:05:39
12,14,Lance,+1.422,00:05:39
12,15,George,+1.624,00:05:39
12,16,Alexander,+1.664,00:05:39
12,17,Kevin,+1.769,00:05:39
12,18,Kimi,+2.000,00:05:39
12,19,Antonio,+2.103,00:05:39
12,20,Nicholas,+3.271,00:05:39
13,1,Lewis,1:26.818,00:05:35
13,2,Valtteri,+0.181,00:05:35
13,3,Max,+0.336,00:05:35
13,4,Nico,+0.461,00:05:35
13,5,Charles,+0.609,00:05:35
13,6,Daniel,+0.624,00:05:35
13,7,Pierre,+0.772,00:05:35
13,8,Daniil,+1.064,00:05:35
13,9,Esteban,+1.111,00:05:35
13,10,Lando,+1.185,00:05:35
13,11,Carlos,+1.287,00:05:35
13,12,Romain,+1.300,00:05:35
13,13,Sebastian,+1.372,00:05:35
13,14,Lance,+1.422,00:05:35
13,15,George,+1.624,00:05:35
13,16,Alexander,+1.664,00:05:35
13,17,Kevin,+1.769,00:05:35
13,18,Kimi,+2.000,00:05:35
13,19,Antonio,+2.103,00:05:35
13,20,Nicholas,+3.271,00:05:35
14,1,Lewis,1:26.818,00:05:32
14,2,Valtteri,+0.181,00:05:32
14,3,Max,+0.336,00:05:32
14,4,Nico,+0.461,00:05:32
14,5,Charles,+0.609,00:05:32
14,6,Daniel,+0.624,00:05:32
14,7,Pierre,+0.772,00:05:32
14,8,Daniil,+1.064,00:05:32
14,9,Esteban,+1.111,00:05:32
14,10,Lando,+1.185,00:05:32
14,11,Carlos,+1.287,00:05:32
14,12,Romain,+1.300,00:05:32
14,13,Sebastian,+1.372,00:05:32
14,14,Lance,+1.422,00:05:32
14,15,George,+1.624,00:05:32
14,16,Alexander,+1.664,00:05:32
14,17,Kevin,+1.769,00:05:32
14,18,Kimi,+2.000,00:05:32
14,19,Antonio,+2.103,00:05:32
14,20,Nicholas,+3.271,00:05:32
15,1,Lewis,1:26.818,00:05:28
15,2,Valtteri,+0.181,00:05:28
15,3,Max,+0.336,00:05:28
15,4,Nico,+0.461,00:05:28
15,5,Charles,+0.609,00:05:28
15,6,Daniel,+0.624,00:05:28
15,7,Pierre,+0.772,00:05:28
15,8,Daniil,+1.064,00:05:28
15,9,Esteban,+1.111,00:05:28
15,10,Lando,+1.185,00:05:28
15,11,Carlos,+1.287,00:05:28
15,12,Romain,+1.300,00:05:28
15,13,Sebastian,+1.372,00:05:28
15,14,Lance,+1.422,00:05:28
15,15,George,+1.624,00:05:28
15,16,Alexander,+1.664,00:05:28
15,17,Kevin,+1.769,00:05:28
15,18,Kimi,+2.000,00:05:28
15,19,Antonio,+2.103,00:05:28
15,20,Nicholas,+3.271,00:05:28
16,1,Lewis,1:26.818,00:05:25
16,2,Valtteri,+0.181,00:05:25
16,3,Max,+0.336,00:05:25
16,4,Nico,+0.461,00:05:25
16,5,Charles,+0.609,00:05:25
16,6,Daniel,+0.624,00:05:25
16,7,Pierre,+0.772,00:05:25
16,8,Daniil,+1.064,00:05:25
16,9,Esteban,+1.111,00:05:25
16,10,Lando,+1.185,00:05:25
16,11,Carlos,+1.287,00:05:25
16,12,Romain,+1.300,00:05:25
16,13,Sebastian,+1.372,00:05:25
16,14,Lance,+1.422,00:05:25
16,15,George,+1.624,00:05:25
16,16,Alexander,+1.664,00:05:25
16,17,Kevin,+1.769,00:05:25
16,18,Kimi,+2.000,00:05:25
16,19,Antonio,+2.103,00:05:25
16,20,Nicholas,+3.271,00:05:25
17,1,Lewis,1:26.818,00:05:21
17,2,Valtteri,+0.181,00:05:21
17,3,Max,+0.336,00:05:21
17,4,Nico,+0.461,00:05:21
17,5,Charles,+0.609,00:05:21
17,6,Daniel,+0.624,00:05:21
17,7,Pierre,+0.772,00:05:21
17,8,Daniil,+1.064,00:05:21
17,9,Esteban,+1.111,00:05:21
17,10,Lando,+1.185,00:05:21
17,11,Carlos,+1.287,00:05:21
17,12,Romain,+1.300,00:05:21
17,13,Sebastian,+1.372,00:05:21
17,14,Lance,+1.422,00:05:21
17,15,George,+1.624,00:05:21
17,16,Alexander,+1.664,00:05:21
17,17,Kevin,+1.769,00:05:21
17,18,Kimi,+2.000,00:05:21
17,19,Antonio,+2.103,00:05:21
17,20,Nicholas,+3.271,00:05:21
18,1,Lewis,1:26.818,00:05:18
18,2,Valtteri,+0.181,00:05:18
18,3,Max,+0.336,00:05:18
18,4,Nico,+0.461,00:05:18
18,5,Charles,+0.609,00:05:18
18,6,Daniel,+0.624,00:05:18
18,7,Pierre,+0.772,00:05:18
18,8,Daniil,+1.064,00:05:18
18,9,Esteban,+1.111,00:05:18
18,10,Lando,+1.185,00:05:18
18,11,Carlos,+1.287,00:05:18
18,12,Romain,+1.300,00:05:18
18,13,Sebastian,+1.372,00:05:18
18,14,Lance,+1.422,00:05:18
18,15,George,+1.624,00:05:18
18,16,Alexander,+1.664,00:05:18
18,17,Kevin,+1.769,00:05:18
18,18,Kimi,+2.000,00:05:18
18,19,Antonio,+2.103,00:05:18
18,20,Nicholas,+3.271,00:05:18
19,1,Lewis,1:26.818,00:05:14
19,2,Valtteri,+0.181,00:05:14
19,3,Max,+0.336,00:05:14
19,4,Nico,+0.461,00:05:14
19,5,Charles,+0.609,00:05:14
19,6,Daniel,+0.624,00:05:14
19,7,Pierre,+0.772,00:05:14
19,8,Daniil,+1.064,00:05:14
19,9,Esteban,+1.111,00:05:14
19,10,Lando,+1.185,00:05:14
19,11,Carlos,+1.287,00:05:14
19,12,Romain,+1.300,00:05:14
19,13,Sebastian,+1.372,00:05:14
19,14,Lance,+1.422,00:05:14
19,15,George,+1.624,00:05:14
19,16,Alexander,+1.664,00:05:14
19,17,Kevin,+1.769,00:05:14
19,18,Kimi,+2.000,00:05:14
19,19,Antonio,+2.103,00:05:14
19,20,Nicholas,+3.271,00:05:14
20,1,Lewis,1:26.818,00:05:10
20,2,Valtteri,+0.181,00:05:10
20,3,Max,+0.336,00:05:10
20,4,Nico,+0.461,00:05:10
20,5,Charles,+0.609,00:05:10
20,6,Daniel,+0.624,00:05:10
20,7,Pierre,+0.772,00:05:10
20,8,Daniil,+1.064,00:05:10
20,9,Esteban,+1.111,00:05:10
20,10,Lando,+1.185,00:05:10
20,11,Carlos,+1.287,00:05:10
20,12,Romain,+1.300,00:05:10
20,13,Sebastian,+1.372,00:05:10
20,14,Lance,+1.422,00:05:10
20,15,George,+1.624,00:05:10
20,16,Alexander,+1.664,00:05:10
20,17,Kevin,+1.769,00:05:10
20,18,Kimi,+2.000,00:05:10
20,19,Antonio,+2.103,00:05:10
20,20,Nicholas,+3.271,00:05:10
21,1,Lewis,1:26.818,00:05:06
21,2,Valtteri,+0.181,00:05:06
21,3,Max,+0.336,00:05:06
21,4,Nico,+0.461,00:05:06
21,5,Charles,+0.609,00:05:06
21,6,Daniel,+0.624,00:05:06
21,7,Pierre,+0.772,00:05:06
21,8,Daniil,+1.064,00:05:06
21,9,Esteban,+1.111,00:05:06
21,10,Lando,+1.185,00:05:06
21,11,Carlos,+1.287,00:05:06
21,12,Romain,+1.300,00:05:06
21,13,Sebastian,+1.372,00:05:06
21,14,Lance,+1.422,00:05:06
21,15,George,+1.624,00:05:06
21,16,Alexander,+1.664,00:05:06
21,17,Kevin,+1.769,00:05:06
21,18,Kimi,+2.000,00:05:06
21,19,Antonio,+2.103,00:05:06
21,20,Nicholas,+3.271,00:05:06
22,1,Lewis,1:26.818,00:05:03
22,2,Valtteri,+0.181,00:05:03
22,3,Max,+0.336,00:05:03
22,4,Nico,+0.461,00:05:03
22,5,Charles,+0.609,00:05:03
22,6,Daniel,+0.624,00:05:03
22,7,Pierre,+0.772,00:05:03
22,8,Daniil,+1.064,00:05:03
22,9,Esteban,+1.111,00:05:03
22,10,Lando,+1.185,00:05:03
22,11,Carlos,+1.287,00:05:03
22,12,Romain,+1.300,00:05:03
22,13,Sebastian,+1.372,00:05:03
22,14,Lance,+1.422,00:05:03
22,15,George,+1.624,00:05:03
22,16,Alexander,+1.664,00:05:03
22,17,Kevin,+1.769,00:05:03
22,18,Kimi,+2.000,00:05:03
22,19,Antonio,+2.103,00:05:03
22,20,Nicholas,+3.271,00:05:03
23,1,Lewis,1:26.818,00:04:58
23,2,Valtteri,+0.181,00:04:58
23,3,Max,+0.336,00:04:58
23,4,Nico,+0.461,00:04:58
23,5,Charles,+0.609,00:04:58
23,6,Daniel,+0.624,00:04:58
23,7,Pierre,+0.772,00:04:58
23,8,Daniil,+1.064,00:04:58
23,9,Esteban,+1.111,00:04:58
23,10,Lando,+1.185,00:04:58
23,11,Carlos,+1.287,00:04:58
23,12,Romain,+1.300,00:04:58
23,13,Sebastian,+1.372,00:04:58
23,14,Lance,+1.422,00:04:58
23,15,George,+1.624,00:04:58
23,16,Alexander,+1.664,00:04:58
23,17,Kevin,+1.769,00:04:58
23,18,Kimi,+2.000,00:04:58
23,19,Antonio,+2.103,00:04:58
23,20,Nicholas,+3.271,00:04:58
24,1,Lewis,1:26.818,00:04:54
24,2,Valtteri,+0.181,00:04:54
24,3,Max,+0.336,00:04:54
24,4,Nico,+0.461,00:04:54
24,5,Charles,+0.609,00:04:54
24,6,Daniel,+0.624,00:04:54
24,7,Pierre,+0.772,00:04:54
24,8,Daniil,+1.064,00:04:54
24,9,Esteban,+1.111,00:04:54
24,10,Lando,+1.185,00:04:54
24,11,Carlos,+1.287,00:04:54
24,12,Romain,+1.300,00:04:54
24,13,Sebastian,+1.372,00:04:54
24,14,Lance,+1.422,00:04:54
24,15,George,+1.624,00:04:54
24,16,Alexander,+1.664,00:04:54
24,17,Kevin,+1.769,00:04:54
24,18,Kimi,+2.000,00:04:54
24,19,Antonio,+2.103,00:04:54
24,20,Nicholas,+3.271,00:04:54
25,1,Lewis,1:26.818,00:04:51
25,2,Valtteri,+0.181,00:04:51
25,3,Max,+0.336,00:04:51
25,4,Nico,+0.461,00:04:51
25,5,Charles,+0.609,00:04:51
25,6,Daniel,+0.624,00:04:51
25,7,Pierre,+0.772,00:04:51
25,8,Daniil,+1.064,00:04:51
25,9,Esteban,+1.111,00:04:51
25,10,Lando,+1.185,00:04:51
25,11,Carlos,+1.287,00:04:51
25,12,Romain,+1.300,00:04:51
25,13,Sebastian,+1.372,00:04:51
25,14,Lance,+1.422,00:04:51
25,15,George,+1.624,00:04:51
25,16,Alexander,+1.664,00:04:51
25,17,Kevin,+1.769,00:04:51
25,18,Kimi,+2.000,00:04:51
25,19,Antonio,+2.103,00:04:51
25,20,Nicholas,+3.271,00:04:51
26,1,Lewis,1:26.818,00:04:47
26,2,Valtteri,+0.181,00:04:47
26,3,Max,+0.336,00:04:47
26,4,Nico,+0.461,00:04:47
26,5,Charles,+0.609,00:04:47
26,6,Daniel,+0.624,00:04:47
26,7,Pierre,+0.772,00:04:47
26,8,Daniil,+1.064,00:04:47
26,9,Esteban,+1.111,00:04:47
26,10,Lando,+1.185,00:04:47
26,11,Carlos,+1.287,00:04:47
26,12,Romain,+1.300,00:04:47
26,13,Sebastian,+1.372,00:04:47
26,14,Lance,+1.422,00:04:47
26,15,George,+1.624,00:04:47
26,16,Alexander,+1.664,00:04:47
26,17,Kevin,+1.769,00:04:47
26,18,Kimi,+2.000,00:04:47
26,19,Antonio,+2.103,00:04:47
26,20,Nicholas,+3.271,00:04:47
27,1,Lewis,1:26.818,00:04:44
27,2,Valtteri,+0.181,00:04:44
27,3,Max,+0.336,00:04:44
27,4,Nico,+0.461,00:04:44
27,5,Charles,+0.609,00:04:44
27,6,Daniel,+0.624,00:04:44
27,7,Pierre,+0.772,00:04:44
27,8,Daniil,+1.064,00:04:44
27,9,Esteban,+1.111,00:04:44
27,10,Lando,+1.185,00:04:44
27,11,Carlos,+1.287,00:04:44
27,12,Romain,+1.300,00:04:44
27,13,Sebastian,+1.372,00:04:44
27,14,Lance,+1.422,00:04:44
27,15,George,+1.624,00:04:44
27,16,Alexander,+1.664,00:04:44
27,17,Kevin,+1.769,00:04:44
27,18,Kimi,+2.000,00:04:44
27,19,Antonio,+2.103,00:04:44
27,20,Nicholas,+3.271,00:04:44
28,1,Lewis,1:26.818,00:04:40
28,2,Valtteri,+0.181,00:04:40
28,3,Max,+0.336,00:04:40
28,4,Nico,+0.461,00:04:40
28,5,Charles,+0.609,00:04:40
28,6,Daniel,+0.624,00:04:40
28,7,Pierre,+0.772,00:04:40
28,8,Daniil,+1.064,00:04:40
28,9,Esteban,+1.111,00:04:40
28,10,Lando,+1.185,00:04:40
28,11,Carlos,+1.287,00:04:40
28,12,Romain,+1.300,00:04:40
28,13,Sebastian,+1.372,00:04:40
28,14,Lance,+1.422,00:04:40
28,15,George,+1.624,00:04:40
28,16,Alexander,+1.664,00:04:40
28,17,Kevin,+1.769,00:04:40
28,18,Kimi,+2.000,00:04:40
28,19,Antonio,+2.103,00:04:40
28,20,Nicholas,+3.271,00:04:40
29,1,Lewis,1:26.818,00:04:37
29,2,Valtteri,+0.181,00:04:37
29,3,Max,+0.336,00:04:37
29,4,Nico,+0.461,00:04:37
29,5,Charles,+0.609,00:04:37
29,6,Daniel,+0.624,00:04:37
29,7,Pierre,+0.772,00:04:37
29,8,Daniil,+1.064,00:04:37
29,9,Esteban,+1.111,00:04:37
29,10,Lando,+1.185,00:04:37
29,11,Carlos,+1.287,00:04:37
29,12,Romain,+1.300,00:04:37
29,13,Sebastian,+1.372,00:04:37
29,14,Lance,+1.422,00:04:37
29,15,George,+1.624,00:04:37
29,16,Alexander,+1.664,00:04:37
29,17,Kevin,+1.769,00:04:37
29,18,Kimi,+2.000,00:04:37
29,19,Antonio,+2.103,00:04:37
29,20,Nicholas,+3.271,00:04:37
30,1,Lewis,1:26.818,00:04:33
30,2,Valtteri,+0.181,00:04:33
30,3,Max,+0.336,00:04:33
30,4,Nico,+0.461,00:04:33
30,5,Charles,+0.609,00:04:33
30,6,Daniel,+0.624,00:04:33
30,7,Pierre,+0.772,00:04:33
30,8,Daniil,+1.064,00:04:33
30,9,Esteban,+1.111,00:04:33
30,10,Lando,+1.185,00:04:33
30,11,Carlos,+1.287,00:04:33
30,12,Romain,+1.300,00:04:33
30,13,Sebastian,+1.372,00:04:33
30,14,Lance,+1.422,00:04:33
30,15,George,+1.624,00:04:33
30,16,Alexander,+1.664,00:04:33
30,17,Kevin,+1.769,00:04:33
30,18,Kimi,+2.000,00:04:33
30,19,Antonio,+2.103,00:04:33
30,20,Nicholas,+3.271,00:04:33
31,1,Lewis,1:26.818,00:04:29
31,2,Valtteri,+0.181,00:04:29
31,3,Max,+0.336,00:04:29
31,4,Nico,+0.461,00:04:29
31,5,Charles,+0.609,00:04:29
31,6,Daniel,+0.624,00:04:29
31,7,Pierre,+0.772,00:04:29
31,8,Daniil,+1.064,00:04:29
31,9,Esteban,+1.111,00:04:29
31,10,Lando,+1.185,00:04:29
31,11,Carlos,+1.287,00:04:29
31,12,Romain,+1.300,00:04:29
31,13,Sebastian,+1.372,00:04:29
31,14,Lance,+1.422,00:04:29
31,15,George,+1.624,00:04:29
31,16,Alexander,+1.664,00:04:29
31,17,Kevin,+1.769,00:04:29
31,18,Kimi,+2.000,00:04:29
31,19,Antonio,+2.103,00:04:29
31,20,Nicholas,+3.271,00:04:29
32,1,Lewis,1:26.818,00:04:26
32,2,Valtteri,+0.181,00:04:26
32,3,Max,+0.336,00:04:26
32,4,Nico,+0.461,00:04:26
32,5,Charles,+0.609,00:04:26
32,6,Daniel,+0.624,00:04:26
32,7,Pierre,+0.772,00:04:26
32,8,Daniil,+1.064,00:04:26
32,9,Esteban,+1.111,00:04:26
32,10,Lando,+1.185,00:04:26
32,11,Carlos,+1.287,00:04:26
32,12,Romain,+1.300,00:04:26
32,13,Sebastian,+1.372,00:04:26
32,14,Lance,+1.422,00:04:26
32,15,George,+1.624,00:04:26
32,16,Alexander,+1.664,00:04:26
32,17,Kevin,+1.769,00:04:26
32,18,Kimi,+2.000,00:04:26
32,19,Antonio,+2.103,00:04:26
32,20,Nicholas,+3.271,00:04:26
33,1,Lewis,1:26.818,00:04:22
33,2,Valtteri,+0.181,00:04:22
33,3,Max,+0.336,00:04:22
33,4,Nico,+0.461,00:04:22
33,5,Charles,+0.609,00:04:22
33,6,Daniel,+0.624,00:04:22
33,7,Pierre,+0.772,00:04:22
33,8,Daniil,+1.064,00:04:22
33,9,Esteban,+1.111,00:04:22
33,10,Lando,+1.185,00:04:22
33,11,Carlos,+1.287,00:04:22
33,12,Romain,+1.300,00:04:22
33,13,Sebastian,+1.372,00:04:22
33,14,Lance,+1.422,00:04:22
33,15,George,+1.624,00:04:22
33,16,Alexander,+1.664,00:04:22
33,17,Kevin,+1.769,00:04:22
33,18,Kimi,+2.000,00:04:22
33,19,Antonio,+2.103,00:04:22
33,20,Nicholas,+3.271,00:04:22
34,1,Lewis,1:26.818,00:04:19
34,2,Valtteri,+0.181,00:04:19
34,3,Max,+0.336,00:04:19
34,4,Nico,+0.461,00:04:19
34,5,Charles,+0.609,00:04:19
34,6,Daniel,+0.624,00:04:19
34,7,Pierre,+0.772,00:04:19
34,8,Daniil,+1.064,00:04:19
34,9,Esteban,+1.111,00:04:19
34,10,Lando,+1.185,00:04:19
34,11,Carlos,+1.287,00:04:19
34,12,Romain,+1.300,00:04:19
34,13,Sebastian,+1.372,00:04:19
34,14,Lance,+1.422,00:04:19
34,15,George,+1.624,00:04:19
34,16,Alexander,+1.664,00:04:19
34,17,Kevin,+1.769,00:04:19
34,18,Kimi,+2.000,00:04:19
34,19,Antonio,+2.103,00:04:19
34,20,Nicholas,+3.271,00:04:19
35,1,Lewis,1:26.818,00:04:15
35,2,Valtteri,+0.181,00:04:15
35,3,Max,+0.336,00:04:15
35,4,Nico,+0.461,00:04:15
35,5,Charles,+0.609,00:04:15
35,6,Daniel,+0.624,00:04:15
35,7,Pierre,+0.772,00:04:15
35,8,Daniil,+1.064,00:04:15
35,9,Esteban,+1.111,00:04:15
35,10,Lando,+1.185,00:04:15
35,11,Carlos,+1.287,00:04:15
35,12,Romain,+1.300,00:04:15
35,13,Sebastian,+1.372,00:04:15
35,14,Lance,+1.422,00:04:15
35,15,George,+1.624,00:04:15
35,16,Alexander,+1.664,00:04:15
35,17,Kevin,+1.769,00:04:15
35,18,Kimi,+2.000,00:04:15
35,19,Antonio,+2.103,00:04:15
35,20,Nicholas,+3.271,00:04:15
36,1,Lewis,1:26.818,00:04:12
36,2,Valtteri,+0.181,00:04:12
36,3,Max,+0.336,00:04:12
36,4,Nico,+0.461,00:04:12
36,5,Charles,+0.609,00:04:12
36,6,Daniel,+0.624,00:04:12
36,7,Pierre,+0.772,00:04:12
36,8,Daniil,+1.064,00:04:12
36,9,Esteban,+1.111,00:04:12
36,10,Lando,+1.185,00:04:12
36,11,Carlos,+1.287,00:04:12
36,12,Romain,+1.300,00:04:12
36,13,Sebastian,+1.372,00:04:12
36,14,Lance,+1.422,00:04:12
36,15,George,+1.624,00:04:12
36,16,Alexander,+1.664,00:04:12
36,17,Kevin,+1.769,00:04:12
36,18,Kimi,+2.000,00:04:12
36,19,Antonio,+2.103,00:04:12
36,20,Nicholas,+3.271,00:04:12
37,1,Lewis,1:26.818,00:04:08
37,2,Valtteri,+0.181,00:04:08
37,3,Max,+0.336,00:04:08
37,4,Nico,+0.461,00:04:08
37,5,Charles,+0.609,00:04:08
37,6,Daniel,+0.624,00:04:08
37,7,Pierre,+0.772,00:04:08
37,8,Daniil,+1.064,00:04:08
37,9,Esteban,+1.111,00:04:08
37,10,Lando,+1.185,00:04:08
37,11,Carlos,+1.287,00:04:08
37,12,Romain,+1.300,00:04:08
37,13,Sebastian,+1.372,00:04:08
37,14,Lance,+1.422,00:04:08
37,15,George,+1.624,00:04:08
37,16,Alexander,+1.664,00:04:08
37,17,Kevin,+1.769,00:04:08
37,18,Kimi,+2.000,00:04:08
37,19,Antonio,+2.103,00:04:08
37,20,Nicholas,+3.271,00:04:08
38,1,Lewis,1:26.818,00:04:05
38,2,Valtteri,+0.181,00:04:05
38,3,Max,+0.336,00:04:05
38,4,Nico,+0.461,00:04:05
38,5,Charles,+0.609,00:04:05
38,6,Daniel,+0.624,00:04:05
38,7,Pierre,+0.772,00:04:05
38,8,Daniil,+1.064,00:04:05
38,9,Esteban,+1.111,00:04:05
38,10,Lando,+1.185,00:04:05
38,11,Carlos,+1.287,00:04:05
38,12,Romain,+1.300,00:04:05
38,13,Sebastian,+1.372,00:04:05
38,14,Lance,+1.422,00:04:05
38,15,George,+1.624,00:04:05
38,16,Alexander,+1.664,00:04:05
38,17,Kevin,+1.769,00:04:05
38,18,Kimi,+2.000,00:04:05
38,19,Antonio,+2.103,00:04:05
38,20,Nicholas,+3.271,00:04:05
39,1,Lewis,1:26.818,00:04:01
39,2,Valtteri,+0.181,00:04:01
39,3,Max,+0.336,00:04:01
39,4,Nico,+0.461,00:04:01
39,5,Charles,+0.609,00:04:01
39,6,Daniel,+0.624,00:04:01
39,7,Pierre,+0.772,00:04:01
39,8,Daniil,+1.064,00:04:01
39,9,Esteban,+1.111,00:04:01
39,10,Lando,+1.185,00:04:01
39,11,Carlos,+1.287,00:04:01
39,12,Romain,+1.300,00:04:01
39,13,Sebastian,+1.372,00:04:01
39,14,Lance,+1.422,00:04:01
39,15,George,+1.624,00:04:01
39,16,Alexander,+1.664,00:04:01
39,17,Kevin,+1.769,00:04:01
39,18,Kimi,+2.000,00:04:01
39,19,Antonio,+2.103,00:04:01
39,20,Nicholas,+3.271,00:04:01
40,1,Lewis,1:26.818,00:03:58
40,2,Valtteri,+0.181,00:03:58
40,3,Max,+0.336,00:03:58
40,4,Nico,+0.461,00:03:58
40,5,Charles,+0.609,00:03:58
40,6,Daniel,+0.624,00:03:58
40,7,Pierre,+0.772,00:03:58
40,8,Daniil,+1.064,00:03:58
40,9,Esteban,+1.111,00:03:58
40,10,Lando,+1.185,00:03:58
40,11,Carlos,+1.287,00:03:58
40,12,Romain,+1.300,00:03:58
40,13,Sebastian,+1.372,00:03:58
40,14,Lance,+1.422,00:03:58
40,15,George,+1.624,00:03:58
40,16,Alexander,+1.664,00:03:58
40,17,Kevin,+1.769,00:03:58
40,18,Kimi,+2.000,00:03:58
40,19,Antonio,+2.103,00:03:58
40,20,Nicholas,+3.271,00:03:58
41,1,Lewis,1:26.818,00:03:54
41,2,Valtteri,+0.181,00:03:54
41,3,Max,+0.336,00:03:54
41,4,Nico,+0.461,00:03:54
41,5,Charles,+0.609,00:03:54
41,6,Daniel,+0.624,00:03:54
41,7,Pierre,+0.772,00:03:54
41,8,Daniil,+1.064,00:03:54
41,9,Esteban,+1.111,00:03:54
41,10,Lando,+1.185,00:03:54
41,11,Carlos,+1.287,00:03:54
41,12,Romain,+1.300,00:03:54
41,13,Sebastian,+1.372,00:03:54
41,14,Lance,+1.422,00:03:54
41,15,George,+1.624,00:03:54
41,16,Alexander,+1.664,00:03:54
41,17,Kevin,+1.769,00:03:54
41,18,Kimi,+2.000,00:03:54
41,19,Antonio,+2.103,00:03:54
41,20,Nicholas,+3.271,00:03:54
42,1,Lewis,1:26.818,00:03:51
42,2,Valtteri,+0.181,00:03:51
42,3,Max,+0.336,00:03:51
42,4,Nico,+0.461,00:03:51
42,5,Charles,+0.609,00:03:51
42,6,Daniel,+0.624,00:03:51
42,7,Pierre,+0.772,00:03:51
42,8,Daniil,+1.064,00:03:51
42,9,Esteban,+1.111,00:03:51
42,10,Lando,+1.185,00:03:51
42,11,Carlos,+1.287,00:03:51
42,12,Romain,+1.300,00:03:51
42,13,Sebastian,+1.372,00:03:51
42,14,Lance,+1.422,00:03:51
42,15,George,+1.624,00:03:51
42,16,Alexander,+1.664,00:03:51
42,17,Kevin,+1.769,00:03:51
42,18,Kimi,+2.000,00:03:51
42,19,Antonio,+2.103,00:03:51
42,20,Nicholas,+3.271,00:03:51
43,1,Lewis,1:26.818,00:03:47
43,2,Valtteri,+0.181,00:03:47
43,3,Max,+0.336,00:03:47
43,4,Nico,+0.461,00:03:47
43,5,Charles,+0.609,00:03:47
43,6,Daniel,+0.624,00:03:47
43,7,Pierre,+0.772,00:03:47
43,8,Daniil,+1.064,00:03:47
43,9,Esteban,+1.111,00:03:47
43,10,Lando,+1.185,00:03:47
43,11,Carlos,+1.287,00:03:47
43,12,Romain,+1.300,00:03:47
43,13,Sebastian,+1.372,00:03:47
43,14,Lance,+1.422,00:03:47
43,15,George,+1.624,00:03:47
43,16,Alexander,+1.664,00:03:47
43,17,Kevin,+1.769,00:03:47
43,18,Kimi,+2.000,00:03:47
43,19,Antonio,+2.103,00:03:47
43,20,Nicholas,+3.271,00:03:47
44,1,Lewis,1:26.818,00:03:44
44,2,Valtteri,+0.181,00:03:44
44,3,Max,+0.336,00:03:44
44,4,Nico,+0.461,00:03:44
44,5,Charles,+0.609,00:03:44
44,6,Daniel,+0.624,00:03:44
44,7,Pierre,+0.772,00:03:44
44,8,Daniil,+1.064,00:03:44
44,9,Esteban,+1.111,00:03:44
44,10,Lando,+1.185,00:03:44
44,11,Carlos,+1.287,00:03:44
44,12,Romain,+1.300,00:03:44
44,13,Sebastian,+1.372,00:03:44
44,14,Lance,+1.422,00:03:44
44,15,George,+1.624,00:03:44
44,16,Alexander,+1.664,00:03:44
44,17,Kevin,+1.769,00:03:44
44,18,Kimi,+2.000,00:03:44
44,19,Antonio,+2.103,00:03:44
44,20,Nicholas,+3.271,00:03:44
45,1,Lewis,1:26.818,00:03:40
45,2,Valtteri,+0.181,00:03:40
45,3,Max,+0.336,00:03:40
45,4,Nico,+0.461,00:03:40
45,5,Charles,+0.609,00:03:40
45,6,Daniel,+0.624,00:03:40
45,7,Pierre,+0.772,00:03:40
45,8,Daniil,+1.064,00:03:40
45,9,Esteban,+1.111,00:03:40
45,10,Lando,+1.185,00:03:40
45,11,Carlos,+1.287,00:03:40
45,12,Romain,+1.300,00:03:40
45,13,Sebastian,+1.372,00:03:40
45,14,Lance,+1.422,00:03:40
45,15,George,+1.624,00:03:40
45,16,Alexander,+1.664,00:03:40
45,17,Kevin,+1.769,00:03:40
45,18,Kimi,+2.000,00:03:40
45,19,Antonio,+2.103,00:03:40
45,20,Nicholas,+3.271,00:03:40
46,1,Lewis,1:26.818,00:03:37
46,2,Valtteri,+0.181,00:03:37
46,3,Max,+0.336,00:03:37
46,4,Nico,+0.461,00:03:37
46,5,Charles,+0.609,00:03:37
46,6,Daniel,+0.624,00:03:37
46,7,Pierre,+0.772,00:03:37
46,8,Daniil,+1.064,00:03:37
46,9,Esteban,+1.111,00:03:37
46,10,Lando,+1.185,00:03:37
46,11,Carlos,+1.287,00:03:37
46,12,Romain,+1.300,00:03:37
46,13,Sebastian,+1.372,00:03:37
46,14,Lance,+1.422,00:03:37
46,15,George,+1.624,00:03:37
46,16,Alexander,+1.664,00:03:37
46,17,Kevin,+1.769,00:03:37
46,18,Kimi,+2.000,00:03:37
46,19,Antonio,+2.103,00:03:37
46,20,Nicholas,+3.271,00:03:37
47,1,Lewis,1:26.818,00:03:33
47,2,Valtteri,+0.181,00:03:33
47,3,Max,+0.336,00:03:33
47,4,Nico,+0.461,00:03:33
47,5,Charles,+0.609,00:03:33
47,6,Daniel,+0.624,00:03:33
47,7,Pierre,+0.772,00:03:33
47,8,Daniil,+1.064,00:03:33
47,9,Esteban,+1.111,00:03:33
47,10,Lando,+1.185,00:03:33
47,11,Carlos,+1.287,00:03:33
47,12,Romain,+1.300,00:03:33
47,13,Sebastian,+1.372,00:03:33
47,14,Lance,+1.422,00:03:33
47,15,George,+1.624,00:03:33
47,16,Alexander,+1.664,00:03:33
47,17,Kevin,+1.769,00:03:33
47,18,Kimi,+2.000,00:03:33
47,19,Antonio,+2.103,00:03:33
47,20,Nicholas,+3.271,00:03:33
48,1,Lewis,1:26.818,00:03:30
48,2,Valtteri,+0.181,00:03:30
48,3,Max,+0.336,00:03:30
48,4,Nico,+0.461,00:03:30
48,5,Charles,+0.609,00:03:30
48,6,Daniel,+0.624,00:03:30
48,7,Pierre,+0.772,00:03:30
48,8,Daniil,+1.064,00:03:30
48,9,Esteban,+1.111,00:03:30
48,10,Lando,+1.185,00:03:30
48,11,Carlos,+1.287,00:03:30
48,12,Romain,+1.300,00:03:30
48,13,Sebastian,+1.372,00:03:30
48,14,Lance,+1.422,00:03:30
48,15,George,+1.624,00:03:30
48,16,Alexander,+1.664,00:03:30
48,17,Kevin,+1.769,00:03:30
48,18,Kimi,+2.000,00:03:30
48,19,Antonio,+2.103,00:03:30
48,20,Nicholas,+3.271,00:03:30
49,1,Lewis,1:26.818,00:03:26
49,2,Valtteri,+0.181,00:03:26
49,3,Max,+0.336,00:03:26
49,4,Nico,+0.461,00:03:26
49,5,Charles,+0.609,00:03:26
49,6,Daniel,+0.624,00:03:26
49,7,Pierre,+0.772,00:03:26
49,8,Daniil,+1.064,00:03:26
49,9,Esteban,+1.111,00:03:26
49,10,Lando,+1.185,00:03:26
49,11,Carlos,+1.287,00:03:26
49,12,Romain,+1.300,00:03:26
49,13,Sebastian,+1.372,00:03:26
49,14,Lance,+1.422,00:03:26
49,15,George,+1.624,00:03:26
49,16,Alexander,+1.664,00:03:26
49,17,Kevin,+1.769,00:03:26
49,18,Kimi,+2.000,00:03:26
49,19,Antonio,+2.103,00:03:26
49,20,Nicholas,+3.271,00:03:26
50,1,Lewis,1:26.818,00:03:23
50,2,Valtteri,+0.181,00:03:23
50,3,Max,+0.336,00:03:23
50,4,Nico,+0.461,00:03:23
50,5,Charles,+0.609,00:03:23
50,6,Daniel,+0.624,00:03:23
50,7,Pierre,+0.772,00:03:23
50,8,Daniil,+1.064,00:03:23
50,9,Esteban,+1.111,00:03:23
50,10,Lando,+1.185,00:03:23
50,11,Carlos,+1.287,00:03:23
50,12,Romain,+1.300,00:03:23
50,13,Sebastian,+1.372,00:03:23
50,14,Lance,+1.422,00:03:23
50,15,George,+1.624,00:03:23
50,16,Alexander,+1.664,00:03:23
50,17,Kevin,+1.769,00:03:23
50,18,Kimi,+2.000,00:03:23
50,19,Antonio,+2.103,00:03:23
50,20,Nicholas,+3.271,00:03:23
51,1,Lewis,1:26.818,00:03:19
51,2,Valtteri,+0.181,00:03:19
51,3,Max,+0.336,00:03:19
51,4,Nico,+0.461,00:03:19
51,5,Charles,+0.609,00:03:19
51,6,Daniel,+0.624,00:03:19
51,7,Pierre,+0.772,00:03:19
51,8,Daniil,+1.064,00:03:19
51,9,Esteban,+1.111,00:03:19
51,10,Lando,+1.185,00:03:19
51,11,Carlos,+1.287,00:03:19
51,12,Romain,+1.300,00:03:19
51,13,Sebastian,+1.372,00:03:19
51,14,Lance,+1.422,00:03:19
51,15,George,+1.624,00:03:19
51,16,Alexander,+1.664,00:03:19
51,17,Kevin,+1.769,00:03:19
51,18,Kimi,+2.000,00:03:19
51,19,Antonio,+2.103,00:03:19
51,20,Nicholas,+3.271,00:03:19
52,1,Lewis,1:26.818,00:03:15
52,2,Valtteri,+0.181,00:03:15
52,3,Max,+0.336,00:03:15
52,4,Nico,+0.461,00:03:15
52,5,Charles,+0.609,00:03:15
52,6,Daniel,+0.624,00:03:15
52,7,Pierre,+0.772,00:03:15
52,8,Daniil,+1.064,00:03:15
52,9,Esteban,+1.111,00:03:15
52,10,Lando,+1.185,00:03:15
52,11,Carlos,+1.287,00:03:15
52,12,Romain,+1.300,00:03:15
52,13,Sebastian,+1.372,00:03:15
52,14,Lance,+1.422,00:03:15
52,15,George,+1.624,00:03:15
52,16,Alexander,+1.664,00:03:15
52,17,Kevin,+1.769,00:03:15
52,18,Kimi,+2.000,00:03:15
52,19,Antonio,+2.103,00:03:15
52,20,Nicholas,+3.271,00:03:15
53,1,Lewis,1:26.818,00:03:12
53,2,Valtteri,+0.181,00:03:12
53,3,Max,+0.336,00:03:12
53,4,Nico,+0.461,00:03:12
53,5,Charles,+0.609,00:03:12
53,6,Daniel,+0.624,00:03:12
53,7,Pierre,+0.772,00:03:12
53,8,Daniil,+1.064,00:03:12
53,9,Esteban,+1.111,00:03:12
53,10,Lando,+1.185,00:03:12
53,11,Carlos,+1.287,00:03:12
53,12,Romain,+1.300,00:03:12
53,13,Sebastian,+1.372,00:03:12
53,14,Lance,+1.422,00:03:12
53,15,George,+1.624,00:03:12
53,16,Alexander,+1.664,00:03:12
53,17,Kevin,+1.769,00:03:12
53,18,Kimi,+2.000,00:03:12
53,19,Antonio,+2.103,00:03:12
53,20,Nicholas,+3.271,00:03:12
54,1,Lewis,1:26.818,00:03:09
54,2,Valtteri,+0.181,00:03:09
54,3,Max,+0.336,00:03:09
54,4,Nico,+0.461,00:03:09
54,5,Charles,+0.609,00:03:09
54,6,Daniel,+0.624,00:03:09
54,7,Pierre,+0.772,00:03:09
54,8,Daniil,+1.064,00:03:09
54,9,Esteban,+1.111,00:03:09
54,10,Lando,+1.185,00:03:09
54,11,Carlos,+1.287,00:03:09
54,12,Romain,+1.300,00:03:09
54,13,Sebastian,+1.372,00:03:09
54,14,Lance,+1.422,00:03:09
54,15,George,+1.624,00:03:09
54,16,Alexander,+1.664,00:03:09
54,17,Kevin,+1.769,00:03:09
54,18,Kimi,+2.000,00:03:09
54,19,Antonio,+2.103,00:03:09
54,20,Nicholas,+3.271,00:03:09
55,1,Lewis,1:26.818,00:03:05
55,2,Valtteri,+0.181,00:03:05
55,3,Max,+0.336,00:03:05
55,4,Nico,+0.461,00:03:05
55,5,Charles,+0.609,00:03:05
55,6,Daniel,+0.624,00:03:05
55,7,Pierre,+0.772,00:03:05
55,8,Daniil,+1.064,00:03:05
55,9,Esteban,+1.111,00:03:05
55,10,Lando,+1.185,00:03:05
55,11,Carlos,+1.287,00:03:05
55,12,Romain,+1.300,00:03:05
55,13,Sebastian,+1.372,00:03:05
55,14,Lance,+1.422,00:03:05
55,15,George,+1.624,00:03:05
55,16,Alexander,+1.664,00:03:05
55,17,Kevin,+1.769,00:03:05
55,18,Kimi,+2.000,00:03:05
55,19,Antonio,+2.103,00:03:05
55,20,Nicholas,+3.271,00:03:05
56,1,Lewis,1:26.818,00:03:01
56,2,Valtteri,+0.181,00:03:01
56,3,Max,+0.336,00:03:01
56,4,Nico,+0.461,00:03:01
56,5,Charles,+0.609,00:03:01
56,6,Daniel,+0.624,00:03:01
56,7,Pierre,+0.772,00:03:01
56,8,Daniil,+1.064,00:03:01
56,9,Esteban,+1.111,00:03:01
56,10,Lando,+1.185,00:03:01
56,11,Carlos,+1.287,00:03:01
56,12,Romain,+1.300,00:03:01
56,13,Sebastian,+1.372,00:03:01
56,14,Lance,+1.422,00:03:01
56,15,George,+1.624,00:03:01
56,16,Alexander,+1.664,00:03:01
56,17,Kevin,+1.769,00:03:01
56,18,Kimi,+2.000,00:03:01
56,19,Antonio,+2.103,00:03:01
56,20,Nicholas,+3.271,00:03:01
57,1,Lewis,1:26.818,00:02:58
57,2,Valtteri,+0.181,00:02:58
57,3,Max,+0.336,00:02:58
57,4,Nico,+0.461,00:02:58
57,5,Charles,+0.609,00:02:58
57,6,Daniel,+0.624,00:02:58
57,7,Pierre,+0.772,00:02:58
57,8,Daniil,+1.064,00:02:58
57,9,Esteban,+1.111,00:02:58
57,10,Lando,+1.185,00:02:58
57,11,Carlos,+1.287,00:02:58
57,12,Romain,+1.300,00:02:58
57,13,Sebastian,+1.372,00:02:58
57,14,Lance,+1.422,00:02:58
57,15,George,+1.624,00:02:58
57,16,Alexander,+1.664,00:02:58
57,17,Kevin,+1.769,00:02:58
57,18,Kimi,+2.000,00:02:58
57,19,Antonio,+2.103,00:02:58
57,20,Nicholas,+3.271,00:02:58
58,1,Lewis,1:26.818,00:02:54
58,2,Valtteri,+0.181,00:02:54
58,3,Max,+0.336,00:02:54
58,4,Nico,+0.461,00:02:54
58,5,Charles,+0.609,00:02:54
58,6,Daniel,+0.624,00:02:54
58,7,Pierre,+0.772,00:02:54
58,8,Daniil,+1.064,00:02:54
58,9,Esteban,+1.111,00:02:54
58,10,Lando,+1.185,00:02:54
58,11,Carlos,+1.287,00:02:54
58,12,Romain,+1.300,00:02:54
58,13,Sebastian,+1.372,00:02:54
58,14,Lance,+1.422,00:02:54
58,15,George,+1.624,00:02:54
58,16,Alexander,+1.664,00:02:54
58,17,Kevin,+1.769,00:02:54
58,18,Kimi,+2.000,00:02:54
58,19,Antonio,+2.103,00:02:54
58,20,Nicholas,+3.271,00:02:54
59,1,Lewis,1:26.818,00:02:50
59,2,Valtteri,+0.181,00:02:50
59,3,Max,+0.336,00:02:50
59,4,Nico,+0.461,00:02:50
59,5,Charles,+0.609,00:02:50
59,6,Daniel,+0.624,00:02:50
59,7,Pierre,+0.772,00:02:50
59,8,Daniil,+1.064,00:02:50
59,9,Esteban,+1.111,00:02:50
59,10,Lando,+1.185,00:02:50
59,11,Carlos,+1.287,00:02:50
59,12,Romain,+1.300,00:02:50
59,13,Sebastian,+1.372,00:02:50
59,14,Lance,+1.422,00:02:50
59,15,George,+1.624,00:02:50
59,16,Alexander,+1.664,00:02:50
59,17,Kevin,+1.769,00:02:50
59,18,Kimi,+2.000,00:02:50
59,19,Antonio,+2.103,00:02:50
59,20,Nicholas,+3.271,00:02:50
60,1,Lewis,1:26.818,00:02:47
60,2,Valtteri,+0.181,00:02:47
60,3,Max,+0.336,00:02:47
60,4,Nico,+0.461,00:02:47
60,5,Charles,+0.609,00:02:47
60,6,Daniel,+0.624,00:02:47
60,7,Pierre,+0.772,00:02:47
60,8,Daniil,+1.064,00:02:47
60,9,Esteban,+1.111,00:02:47
60,10,Lando,+1.185,00:02:47
60,11,Carlos,+1.287,00:02:47
60,12,Romain,+1.300,00:02:47
60,13,Sebastian,+1.372,00:02:47
60,14,Lance,+1.422,00:02:47
60,15,George,+1.624,00:02:47
60,16,Alexander,+1.664,00:02:47
60,17,Kevin,+1.769,00:02:47
60,18,Kimi,+2.000,00:02:47
60,19,Antonio,+2.103,00:02:47
60,20,Nicholas,+3.271,00:02:47
61,1,Lewis,1:26.818,00:02:43
61,2,Valtteri,+0.181,00:02:43
61,3,Max,+0.336,00:02:43
61,4,Nico,+0.461,00:02:43
61,5,Charles,+0.609,00:02:43
61,6,Daniel,+0.624,00:02:43
61,7,Pierre,+0.772,00:02:43
61,8,Daniil,+1.064,00:02:43
61,9,Esteban,+1.111,00:02:43
61,10,Lando,+1.185,00:02:43
61,11,Carlos,+1.287,00:02:43
61,12,Romain,+1.300,00:02:43
61,13,Sebastian,+1.372,00:02:43
61,14,Lance,+1.422,00:02:43
61,15,George,+1.624,00:02:43
61,16,Alexander,+1.664,00:02:43
61,17,Kevin,+1.769,00:02:43
61,18,Kimi,+2.000,00:02:43
61,19,Antonio,+2.103,00:02:43
61,20,Nicholas,+3.271,00:02:43
62,1,Lewis,1:26.818,00:02:39
62,2,Valtteri,+0.181,00:02:39
62,3,Max,+0.336,00:02:39
62,4,Nico,+0.461,00:02:39
62,5,Charles,+0.609,00:02:39
62,6,Daniel,+0.624,00:02:39
62,7,Pierre,+0.772,00:02:39
62,8,Daniil,+1.064,00:02:39
62,9,Esteban,+1.111,00:02:39
62,10,Lando,+1.185,00:02:39
62,11,Carlos,+1.287,00:02:39
62,12,Romain,+1.300,00:02:39
62,13,Sebastian,+1.372,00:02:39
62,14,Lance,+1.422,00:02:39
62,15,George,+1.624,00:02:39
62,16,Alexander,+1.664,00:02:39
62,17,Kevin,+1.769,00:02:39
62,18,Kimi,+2.000,00:02:39
62,19,Antonio,+2.103,00:02:39
62,20,Nicholas,+3.271,00:02:39
63,1,Lewis,1:26.818,00:02:35
63,2,Valtteri,+0.181,00:02:35
63,3,Max,+0.336,00:02:35
63,4,Nico,+0.461,00:02:35
63,5,Charles,+0.609,00:02:35
63,6,Daniel,+0.624,00:02:35
63,7,Pierre,+0.772,00:02:35
63,8,Daniil,+1.064,00:02:35
63,9,Esteban,+1.111,00:02:35
63,10,Lando,+1.185,00:02:35
63,11,Carlos,+1.287,00:02:35
63,12,Romain,+1.300,00:02:35
63,13,Sebastian,+1.372,00:02:35
63,14,Lance,+1.422,00:02:35
63,15,George,+1.624,00:02:35
63,16,Alexander,+1.664,00:02:35
63,17,Kevin,+1.769,00:02:35
63,18,Kimi,+2.000,00:02:35
63,19,Antonio,+2.103,00:02:35
63,20,Nicholas,+3.271,00:02:35
64,1,Lewis,1:26.818,00:02:31
64,2,Valtteri,+0.181,00:02:31
64,3,Max,+0.336,00:02:31
64,4,Nico,+0.461,00:02:31
64,5,Charles,+0.609,00:02:31
64,6,Daniel,+0.624,00:02:31
64,7,Pierre,+0.772,00:02:31
64,8,Daniil,+1.064,00:02:31
64,9,Esteban,+1.111,00:02:31
64,10,Lando,+1.185,00:02:31
64,11,Carlos,+1.287,00:02:31
64,12,Romain,+1.300,00:02:31
64,13,Sebastian,+1.372,00:02:31
64,14,Lance,+1.422,00:02:31
64,15,George,+1.624,00:02:31
64,16,Alexander,+1.664,00:02:31
64,17,Kevin,+1.769,00:02:31
64,18,Kimi,+2.000,00:02:31
64,19,Antonio,+2.103,00:02:31
64,20,Nicholas,+3.271,00:02:31
65,1,Lewis,1:26.818,00:02:28
65,2,Valtteri,+0.181,00:02:28
65,3,Max,+0.336,00:02:28
65,4,Nico,+0.461,00:02:28
65,5,Charles,+0.609,00:02:28
65,6,Daniel,+0.624,00:02:28
65,7,Pierre,+0.772,00:02:28
65,8,Daniil,+1.064,00:02:28
65,9,Esteban,+1.111,00:02:28
65,10,Lando,+1.185,00:02:28
65,11,Carlos,+1.287,00:02:28
65,12,Romain,+1.300,00:02:28
65,13,Sebastian,+1.372,00:02:28
65,14,Lance,+1.422,00:02:28
65,15,George,+1.624,00:02:28
65,16,Alexander,+1.664,00:02:28
65,17,Kevin,+1.769,00:02:28
65,18,Kimi,+2.000,00:02:28
65,19,Antonio,+2.103,00:02:28
65,20,Nicholas,+3.271,00:02:28
66,1,Lewis,1:26.818,00:02:23
66,2,Valtteri,+0.181,00:02:23
66,3,Max,+0.336,00:02:23
66,4,Nico,+0.461,00:02:23
66,5,Charles,+0.609,00:02:23
66,6,Daniel,+0.624,00:02:23
66,7,Pierre,+0.772,00:02:23
66,8,Daniil,+1.064,00:02:23
66,9,Esteban,+1.111,00:02:23
66,10,Lando,+1.185,00:02:23
66,11,Carlos,+1.287,00:02:23
66,12,Romain,+1.300,00:02:23
66,13,Sebastian,+1.372,00:02:23
66,14,Lance,+1.422,00:02:23
66,15,George,+1.624,00:02:23
66,16,Alexander,+1.664,00:02:23
66,17,Kevin,+1.769,00:02:23
66,18,Kimi,+2.000,00:02:23
66,19,Antonio,+2.103,00:02:23
66,20,Nicholas,+3.271,00:02:23
67,1,Lewis,1:26.818,00:02:20
67,2,Valtteri,+0.181,00:02:20
67,3,Max,+0.336,00:02:20
67,4,Nico,+0.461,00:02:20
67,5,Charles,+0.609,00:02:20
67,6,Daniel,+0.624,00:02:20
67,7,Pierre,+0.772,00:02:20
67,8,Daniil,+1.064,00:02:20
67,9,Esteban,+1.111,00:02:20
67,10,Lando,+1.185,00:02:20
67,11,Carlos,+1.287,00:02:20
67,12,Romain,+1.300,00:02:20
67,13,Sebastian,+1.372,00:02:20
67,14,Lance,+1.422,00:02:20
67,15,George,+1.624,00:02:20
67,16,Alexander,+1.664,00:02:20
67,17,Kevin,+1.769,00:02:20
67,18,Kimi,+2.000,00:02:20
67,19,Antonio,+2.103,00:02:20
67,20,Nicholas,+3.271,00:02:20
68,1,Lewis,1:26.818,00:02:15
68,2,Valtteri,+0.181,00:02:15
68,3,Max,+0.336,00:02:15
68,4,Nico,+0.461,00:02:15
68,5,Charles,+0.609,00:02:15
68,6,Daniel,+0.624,00:02:15
68,7,Pierre,+0.772,00:02:15
68,8,Daniil,+1.064,00:02:15
68,9,Esteban,+1.111,00:02:15
68,10,Lando,+1.185,00:02:15
68,11,Carlos,+1.287,00:02:15
68,12,Romain,+1.300,00:02:15
68,13,Sebastian,+1.372,00:02:15
68,14,Lance,+1.422,00:02:15
68,15,George,+1.624,00:02:15
68,16,Alexander,+1.664,00:02:15
68,17,Kevin,+1.769,00:02:15
68,18,Kimi,+2.000,00:02:15
68,19,Antonio,+2.103,00:02:15
68,20,Nicholas,+3.271,00:02:15
69,1,Lewis,1:26.818,00:02:11
69,2,Valtteri,+0.181,00:02:11
69,3,Max,+0.336,00:02:11
69,4,Nico,+0.461,00:02:11
69,5,Charles,+0.609,00:02:11
69,6,Daniel,+0.624,00:02:11
69,7,Pierre,+0.772,00:02:11
69,8,Daniil,+1.064,00:02:11
69,9,Esteban,+1.111,00:02:11
69,10,Lando,+1.185,00:02:11
69,11,Carlos,+1.287,00:02:11
69,12,Romain,+1.300,00:02:11
69,13,Sebastian,+1.372,00:02:11
69,14,Lance,+1.422,00:02:11
69,15,George,+1.624,00:02:11
69,16,Alexander,+1.664,00:02:11
69,17,Kevin,+1.769,00:02:11
69,18,Kimi,+2.000,00:02:11
69,19,Antonio,+2.103,00:02:11
69,20,Nicholas,+3.271,00:02:11
70,1,Lewis,1:26.818,00:02:07
70,2,Valtteri,+0.181,00:02:07
70,3,Max,+0.336,00:02:07
70,4,Nico,+0.461,00:02:07
70,5,Charles,+0.609,00:02:07
70,6,Daniel,+0.624,00:02:07
70,7,Pierre,+0.772,00:02:07
70,8,Daniil,+1.064,00:02:07
70,9,Esteban,+1.111,00:02:07
70,10,Lando,+1.185,00:02:07
70,11,Carlos,+1.287,00:02:07
70,12,Romain,+1.300,00:02:07
70,13,Sebastian,+1.372,00:02:07
70,14,Lance,+1.422,00:02:07
70,15,George,+1.624,00:02:07
70,16,Alexander,+1.664,00:02:07
70,17,Kevin,+1.769,00:02:07
70,18,Kimi,+2.000,00:02:07
70,19,Antonio,+2.103,00:02:07
70,20,Nicholas,+3.271,00:02:07
71,1,Lewis,1:26.818,00:02:03
71,2,Valtteri,+0.181,00:02:03
71,3,Max,+0.336,00:02:03
71,4,Nico,+0.461,00:02:03
71,5,Charles,+0.609,00:02:03
71,6,Daniel,+0.624,00:02:03
71,7,Pierre,+0.772,00:02:03
71,8,Daniil,+1.064,00:02:03
71,9,Esteban,+1.111,00:02:03
71,10,Lando,+1.185,00:02:03
71,11,Carlos,+1.287,00:02:03
71,12,Romain,+1.300,00:02:03
71,13,Sebastian,+1.372,00:02:03
71,14,Lance,+1.422,00:02:03
71,15,George,+1.624,00:02:03
71,16,Alexander,+1.664,00:02:03
71,17,Kevin,+1.769,00:02:03
71,18,Kimi,+2.000,00:02:03
71,19,Antonio,+2.103,00:02:03
71,20,Nicholas,+3.271,00:02:03
72,1,Lewis,1:26.818,00:02:00
72,2,Valtteri,+0.181,00:02:00
72,3,Max,+0.336,00:02:00
72,4,Nico,+0.461,00:02:00
72,5,Charles,+0.609,00:02:00
72,6,Daniel,+0.624,00:02:00
72,7,Pierre,+0.772,00:02:00
72,8,Daniil,+1.064,00:02:00
72,9,Esteban,+1.111,00:02:00
72,10,Lando,+1.185,00:02:00
72,11,Carlos,+1.287,00:02:00
72,12,Romain,+1.300,00:02:00
72,13,Sebastian,+1.372,00:02:00
72,14,Lance,+1.422,00:02:00
72,15,George,+1.624,00:02:00
72,16,Alexander,+1.664,00:02:00
72,17,Kevin,+1.769,00:02:00
72,18,Kimi,+2.000,00:02:00
72,19,Antonio,+2.103,00:02:00
72,20,Nicholas,+3.271,00:02:00
73,1,Lewis,1:26.818,00:01:54
73,2,Valtteri,+0.181,00:01:54
73,3,Max,+0.336,00:01:54
73,4,Nico,+0.461,00:01:54
73,5,Charles,+0.609,00:01:54
73,6,Daniel,+0.624,00:01:54
73,7,Pierre,+0.772,00:01:54
73,8,Daniil,+1.064,00:01:54
73,9,Esteban,+1.111,00:01:54
73,10,Lando,+1.185,00:01:54
73,11,Carlos,+1.287,00:01:54
73,12,Romain,+1.300,00:01:54
73,13,Sebastian,+1.372,00:01:54
73,14,Lance,+1.422,00:01:54
73,15,George,+1.624,00:01:54
73,16,Alexander,+1.664,00:01:54
73,17,Kevin,+1.769,00:01:54
73,18,Kimi,+2.000,00:01:54
73,19,Antonio,+2.103,00:01:54
73,20,Nicholas,+3.271,00:01:54
74,1,Lewis,1:26.818,00:01:50
74,2,Valtteri,+0.181,00:01:50
74,3,Max,+0.336,00:01:50
74,4,Nico,+0.461,00:01:50
74,5,Charles,+0.609,00:01:50
74,6,Daniel,+0.624,00:01:50
74,7,Pierre,+0.772,00:01:50
74,8,Daniil,+1.064,00:01:50
74,9,Esteban,+1.111,00:01:50
74,10,Lando,+1.185,00:01:50
74,11,Carlos,+1.287,00:01:50
74,12,Romain,+1.300,00:01:50
74,13,Sebastian,+1.372,00:01:50
74,14,Lance,+1.422,00:01:50
74,15,George,+1.624,00:01:50
74,16,Alexander,+1.664,00:01:50
74,17,Kevin,+1.769,00:01:50
74,18,Kimi,+2.000,00:01:50
74,19,Antonio,+2.103,00:01:50
74,20,Nicholas,+3.271,00:01:50
75,1,Lewis,1:26.818,00:01:46
75,2,Valtteri,+0.181,00:01:46
75,3,Max,+0.336,00:01:46
75,4,Nico,+0.461,00:01:46
75,5,Charles,+0.609,00:01:46
75,6,Daniel,+0.624,00:01:46
75,7,Pierre,+0.772,00:01:46
75,8,Daniil,+1.064,00:01:46
75,9,Esteban,+1.111,00:01:46
75,10,Lando,+1.185,00:01:46
75,11,Carlos,+1.287,00:01:46
75,12,Romain,+1.300,00:01:46
75,13,Sebastian,+1.372,00:01:46
75,14,Lance,+1.422,00:01:46
75,15,George,+1.624,00:01:46
75,16,Alexander,+1.664,00:01:46
75,17,Kevin,+1.769,00:01:46
75,18,Kimi,+2.000,00:01:46
75,19,Antonio,+2.103,00:01:46
75,20,Nicholas,+3.271,00:01:46
76,1,Lewis,1:26.818,00:01:42
76,2,Valtteri,+0.181,00:01:42
76,3,Max,+0.336,00:01:42
76,4,Nico,+0.461,00:01:42
76,5,Charles,+0.609,00:01:42
76,6,Daniel,+0.624,00:01:42
76,7,Pierre,+0.772,00:01:42
76,8,Daniil,+1.064,00:01:42
76,9,Esteban,+1.111,00:01:42
76,10,Lando,+1.185,00:01:42
76,11,Carlos,+1.287,00:01:42
76,12,Romain,+1.300,00:01:42
76,13,Sebastian,+1.372,00:01:42
76,14,Lance,+1.422,00:01:42
76,15,George,+1.624,00:01:42
76,16,Alexander,+1.664,00:01:42
76,17,Kevin,+1.769,00:01:42
76,18,Kimi,+2.000,00:01:42
76,19,Antonio,+2.103,00:01:42
76,20,Nicholas,+3.271,00:01:42
77,1,Lewis,1:26.818,00:01:37
77,2,Valtteri,+0.181,00:01:37
77,3,Max,+0.336,00:01:37
77,4,Nico,+0.461,00:01:37
77,5,Charles,+0.609,00:01:37
77,6,Daniel,+0.624,00:01:37
77,7,Pierre,+0.772,00:01:37
77,8,Daniil,+1.064,00:01:37
77,9,Esteban,+1.111,00:01:37
77,10,Lando,+1.185,00:01:37
77,11,Carlos,+1.287,00:01:37
77,12,Romain,+1.300,00:01:37
77,13,Sebastian,+1.372,00:01:37
77,14,Lance,+1.422,00:01:37
77,15,George,+1.624,00:01:37
77,16,Alexander,+1.664,00:01:37
77,17,Kevin,+1.769,00:01:37
77,18,Kimi,+2.000,00:01:37
77,19,Antonio,+2.103,00:01:37
77,20,Nicholas,+3.271,00:01:37
78,1,Lewis,1:26.818,00:01:32
78,2,Valtteri,+0.181,00:01:32
78,3,Max,+0.336,00:01:32
78,4,Nico,+0.461,00:01:32
78,5,Charles,+0.609,00:01:32
78,6,Daniel,+0.624,00:01:32
78,7,Pierre,+0.772,00:01:32
78,8,Daniil,+1.064,00:01:32
78,9,Esteban,+1.111,00:01:32
78,10,Lando,+1.185,00:01:32
78,11,Carlos,+1.287,00:01:32
78,12,Romain,+1.300,00:01:32
78,13,Sebastian,+1.372,00:01:32
78,14,Lance,+1.422,00:01:32
78,15,George,+1.624,00:01:32
78,16,Alexander,+1.664,00:01:32
78,17,Kevin,+1.769,00:01:32
78,18,Kimi,+2.000,00:01:32
78,19,Antonio,+2.103,00:01:32
78,20,Nicholas,+3.271,00:01:32
79,1,Lewis,1:26.818,00:01:28
79,2,Valtteri,+0.181,00:01:28
79,3,Max,+0.336,00:01:28
79,4,Nico,+0.461,00:01:28
79,5,Charles,+0.609,00:01:28
79,6,Daniel,+0.624,00:01:28
79,7,Pierre,+0.772,00:01:28
79,8,Daniil,+1.064,00:01:28
79,9,Esteban,+1.111,00:01:28
79,10,Lando,+1.185,00:01:28
79,11,Carlos,+1.287,00:01:28
79,12,Romain,+1.300,00:01:28
79,13,Sebastian,+1.372,00:01:28
79,14,Lance,+1.422,00:01:28
79,15,George,+1.624,00:01:28
79,16,Alexander,+1.664,00:01:28
79,17,Kevin,+1.769,00:01:28
79,18,Kimi,+2.000,00:01:28
79,19,Antonio,+2.103,00:01:28
79,20,Nicholas,+3.271,00:01:28
80,1,Lewis,1:26.818,00:01:23
80,2,Valtteri,+0.181,00:01:23
80,3,Max,+0.336,00:01:23
80,4,Nico,+0.461,00:01:23
80,5,Charles,+0.609,00:01:23
80,6,Daniel,+0.624,00:01:23
80,7,Pierre,+0.772,00:01:23
80,8,Daniil,+1.064,00:01:23
80,9,Esteban,+1.111,00:01:23
80,10,Lando,+1.185,00:01:23
80,11,Carlos,+1.287,00:01:23
80,12,Romain,+1.300,00:01:23
80,13,Sebastian,+1.372,00:01:23
80,14,Lance,+1.422,00:01:23
80,15,George,+1.624,00:01:23
80,16,Alexander,+1.664,00:01:23
80,17,Kevin,+1.769,00:01:23
80,18,Kimi,+2.000,00:01:23
80,19,Antonio,+2.103,00:01:23
80,20,Nicholas,+3.271,00:01:23
81,1,Lewis,1:26.818,00:01:19
81,2,Valtteri,+0.181,00:01:19
81,3,Max,+0.336,00:01:19
81,4,Nico,+0.461,00:01:19
81,5,Charles,+0.609,00:01:19
81,6,Daniel,+0.624,00:01:19
81,7,Pierre,+0.772,00:01:19
81,8,Daniil,+1.064,00:01:19
81,9,Esteban,+1.111,00:01:19
81,10,Lando,+1.185,00:01:19
81,11,Carlos,+1.287,00:01:19
81,12,Romain,+1.300,00:01:19
81,13,Sebastian,+1.372,00:01:19
81,14,Lance,+1.422,00:01:19
81,15,George,+1.624,00:01:19
81,16,Alexander,+1.664,00:01:19
81,17,Kevin,+1.769,00:01:19
81,18,Kimi,+2.000,00:01:19
81,19,Antonio,+2.103,00:01:19
81,20,Nicholas,+3.271,00:01:19
82,1,Lewis,1:26.818,00:01:14
82,2,Valtteri,+0.181,00:01:14
82,3,Max,+0.336,00:01:14
82,4,Nico,+0.461,00:01:14
82,5,Charles,+0.609,00:01:14
82,6,Daniel,+0.624,00:01:14
82,7,Pierre,+0.772,00:01:14
82,8,Daniil,+1.064,00:01:14
82,9,Esteban,+1.111,00:01:14
82,10,Lando,+1.185,00:01:14
82,11,Carlos,+1.287,00:01:14
82,12,Romain,+1.300,00:01:14
82,13,Sebastian,+1.372,00:01:14
82,14,Lance,+1.422,00:01:14
82,15,George,+1.624,00:01:14
82,16,Alexander,+1.664,00:01:14
82,17,Kevin,+1.769,00:01:14
82,18,Kimi,+2.000,00:01:14
82,19,Antonio,+2.103,00:01:14
82,20,Nicholas,+3.271,00:01:14
83,1,Lewis,1:26.818,00:01:10
83,2,Valtteri,+0.181,00:01:10
83,3,Max,+0.336,00:01:10
83,4,Nico,+0.461,00:01:10
83,5,Charles,+0.609,00:01:10
83,6,Daniel,+0.624,00:01:10
83,7,Pierre,+0.772,00:01:10
83,8,Daniil,+1.064,00:01:10
83,9,Esteban,+1.111,00:01:10
83,10,Lando,+1.185,00:01:10
83,11,Carlos,+1.287,00:01:10
83,12,Romain,+1.300,00:01:10
83,13,Sebastian,+1.372,00:01:10
83,14,Lance,+1.422,00:01:10
83,15,George,+1.624,00:01:10
83,16,Alexander,+1.664,00:01:10
83,17,Kevin,+1.769,00:01:10
83,18,Kimi,+2.000,00:01:10
83,19,Antonio,+2.103,00:01:10
83,20,Nicholas,+3.271,00:01:10
84,1,Lewis,1:26.818,00:01:06
84,2,Valtteri,+0.181,00:01:06
84,3,Max,+0.336,00:01:06
84,4,Nico,+0.461,00:01:06
84,5,Charles,+0.609,00:01:06
84,6,Daniel,+0.624,00:01:06
84,7,Pierre,+0.772,00:01:06
84,8,Daniil,+1.064,00:01:06
84,9,Esteban,+1.111,00:01:06
84,10,Lando,+1.185,00:01:06
84,11,Carlos,+1.287,00:01:06
84,12,Romain,+1.300,00:01:06
84,13,Sebastian,+1.372,00:01:06
84,14,Lance,+1.422,00:01:06
84,15,George,+1.624,00:01:06
84,16,Alexander,+1.664,00:01:06
84,17,Kevin,+1.769,00:01:06
84,18,Kimi,+2.000,00:01:06
84,19,Antonio,+2.103,00:01:06
84,20,Nicholas,+3.271,00:01:06
85,1,Lewis,1:26.818,00:01:02
85,2,Valtteri,+0.181,00:01:02
85,3,Max,+0.336,00:01:02
85,4,Nico,+0.461,00:01:02
85,5,Charles,+0.609,00:01:02
85,6,Daniel,+0.624,00:01:02
85,7,Pierre,+0.772,00:01:02
85,8,Daniil,+1.064,00:01:02
85,9,Esteban,+1.111,00:01:02
85,10,Lando,+1.185,00:01:02
85,11,Carlos,+1.287,00:01:02
85,12,Romain,+1.300,00:01:02
85,13,Sebastian,+1.372,00:01:02
85,14,Lance,+1.422,00:01:02
85,15,George,+1.624,00:01:02
85,16,Alexander,+1.664,00:01:02
85,17,Kevin,+1.769,00:01:02
85,18,Kimi,+2.000,00:01:02
85,19,Antonio,+2.103,00:01:02
85,20,Nicholas,+3.271,00:01:02
86,1,Lewis,1:26.818,00:00:57
86,2,Valtteri,+0.181,00:00:57
86,3,Max,+0.336,00:00:57
86,4,Nico,+0.461,00:00:57
86,5,Charles,+0.609,00:00:57
86,6,Daniel,+0.624,00:00:57
86,7,Pierre,+0.772,00:00:57
86,8,Daniil,+1.064,00:00:57
86,9,Esteban,+1.111,00:00:57
86,10,Lando,+1.185,00:00:57
86,11,Carlos,+1.287,00:00:57
86,12,Romain,+1.300,00:00:57
86,13,Sebastian,+1.372,00:00:57
86,14,Lance,+1.422,00:00:57
86,15,George,+1.624,00:00:57
86,16,Alexander,+1.664,00:00:57
86,17,Kevin,+1.769,00:00:57
86,18,Kimi,+2.000,00:00:57
86,19,Antonio,+2.103,00:00:57
86,20,Nicholas,+3.271,00:00:57
87,1,Lewis,1:26.818,00:00:51
87,2,Valtteri,+0.181,00:00:51
87,3,Max,+0.336,00:00:51
87,4,Nico,+0.461,00:00:51
87,5,Charles,+0.609,00:00:51
87,6,Daniel,+0.624,00:00:51
87,7,Pierre,+0.772,00:00:51
87,8,Daniil,+1.064,00:00:51
87,9,Esteban,+1.111,00:00:51
87,10,Lando,+1.185,00:00:51
87,11,Carlos,+1.287,00:00:51
87,12,Romain,+1.300,00:00:51
87,13,Sebastian,+1.372,00:00:51
87,14,Lance,+1.422,00:00:51
87,15,George,+1.624,00:00:51
87,16,Alexander,+1.664,00:00:51
87,17,Kevin,+1.769,00:00:51
87,18,Kimi,+2.000,00:00:51
87,19,Antonio,+2.103,00:00:51
87,20,Nicholas,+3.271,00:00:51
88,1,Lewis,1:26.818,00:00:47
88,2,Valtteri,+0.181,00:00:47
88,3,Max,+0.336,00:00:47
88,4,Nico,+0.461,00:00:47
88,5,Charles,+0.609,00:00:47
88,6,Daniel,+0.624,00:00:47
88,7,Pierre,+0.772,00:00:47
88,8,Daniil,+1.064,00:00:47
88,9,Esteban,+1.111,00:00:47
88,10,Lando,+1.185,00:00:47
88,11,Carlos,+1.287,00:00:47
88,12,Romain,+1.300,00:00:47
88,13,Sebastian,+1.372,00:00:47
88,14,Lance,+1.422,00:00:47
88,15,George,+1.624,00:00:47
88,16,Alexander,+1.664,00:00:47
88,17,Kevin,+1.769,00:00:47
88,18,Kimi,+2.000,00:00:47
88,19,Antonio,+2.103,00:00:47
88,20,Nicholas,+3.271,00:00:47
89,1,Lewis,1:26.818,00:00:41
89,2,Valtteri,+0.181,00:00:41
89,3,Max,+0.336,00:00:41
89,4,Nico,+0.461,00:00:41
89,5,Charles,+0.609,00:00:41
89,6,Daniel,+0.624,00:00:41
89,7,Pierre,+0.772,00:00:41
89,8,Daniil,+1.064,00:00:41
89,9,Esteban,+1.111,00:00:41
89,10,Lando,+1.185,00:00:41
89,11,Carlos,+1.287,00:00:41
89,12,Romain,+1.300,00:00:41
89,13,Sebastian,+1.372,00:00:41
89,14,Lance,+1.422,00:00:41
89,15,George,+1.624,00:00:41
89,16,Alexander,+1.664,00:00:41
89,17,Kevin,+1.769,00:00:41
89,18,Kimi,+2.000,00:00:41
89,19,Antonio,+2.103,00:00:41
89,20,Nicholas,+3.271,00:00:41
90,1,Lewis,1:26.818,00:00:36
90,2,Valtteri,+0.181,00:00:36
90,3,Max,+0.336,00:00:36
90,4,Nico,+0.461,00:00:36
90,5,Charles,+0.609,00:00:36
90,6,Daniel,+0.624,00:00:36
90,7,Pierre,+0.772,00:00:36
90,8,Daniil,+1.064,00:00:36
90,9,Esteban,+1.111,00:00:36
90,10,Lando,+1.185,00:00:36
90,11,Carlos,+1.287,00:00:36
90,12,Romain,+1.300,00:00:36
90,13,Sebastian,+1.372,00:00:36
90,14,Lance,+1.422,00:00:36
90,15,George,+1.624,00:00:36
90,16,Alexander,+1.664,00:00:36
90,17,Kevin,+1.769,00:00:36
90,18,Kimi,+2.000,00:00:36
90,19,Antonio,+2.103,00:00:36
90,20,Nicholas,+3.271,00:00:36
91,1,Lewis,1:26.818,00:00:31
91,2,Valtteri,+0.181,00:00:31
91,3,Max,+0.336,00:00:31
91,4,Nico,+0.461,00:00:31
91,5,Charles,+0.609,00:00:31
91,6,Daniel,+0.624,00:00:31
91,7,Pierre,+0.772,00:00:31
91,8,Daniil,+1.064,00:00:31
91,9,Esteban,+1.111,00:00:31
91,10,Lando,+1.185,00:00:31
91,11,Carlos,+1.287,00:00:31
91,12,Romain,+1.300,00:00:31
91,13,Sebastian,+1.372,00:00:31
91,14,Lance,+1.422,00:00:31
91,15,George,+1.624,00:00:31
91,16,Alexander,+1.664,00:00:31
91,17,Kevin,+1.769,00:00:31
91,18,Kimi,+2.000,00:00:31
91,19,Antonio,+2.103,00:00:31
91,20,Nicholas,+3.271,00:00:31
92,1,Lewis,1:26.818,00:00:27
92,2,Valtteri,+0.181,00:00:27
92,3,Max,+0.336,00:00:27
92,4,Nico,+0.461,00:00:27
92,5,Charles,+0.609,00:00:27
92,6,Daniel,+0.624,00:00:27
92,7,Pierre,+0.772,00:00:27
92,8,Daniil,+1.064,00:00:27
92,9,Esteban,+1.111,00:00:27
92,10,Lando,+1.185,00:00:27
92,11,Carlos,+1.287,00:00:27
92,12,Romain,+1.300,00:00:27
92,13,Sebastian,+1.372,00:00:27
92,14,Lance,+1.422,00:00:27
92,15,George,+1.624,00:00:27
92,16,Alexander,+1.664,00:00:27
92,17,Kevin,+1.769,00:00:27
92,18,Kimi,+2.000,00:00:27
92,19,Antonio,+2.103,00:00:27
92,20,Nicholas,+3.271,00:00:27
93,1,Lewis,1:26.818,00:00:21
93,2,Valtteri,+0.181,00:00:21
93,3,Max,+0.336,00:00:21
93,4,Nico,+0.461,00:00:21
93,5,Charles,+0.609,00:00:21
93,6,Daniel,+0.624,00:00:21
93,7,Pierre,+0.772,00:00:21
93,8,Daniil,+1.064,00:00:21
93,9,Esteban,+1.111,00:00:21
93,10,Lando,+1.185,00:00:21
93,11,Carlos,+1.287,00:00:21
93,12,Romain,+1.300,00:00:21
93,13,Sebastian,+1.372,00:00:21
93,14,Lance,+1.422,00:00:21
93,15,George,+1.624,00:00:21
93,16,Alexander,+1.664,00:00:21
93,17,Kevin,+1.769,00:00:21
93,18,Kimi,+2.000,00:00:21
93,19,Antonio,+2.103,00:00:21
93,20,Nicholas,+3.271,00:00:21
94,1,Lewis,1:26.818,00:00:13
94,2,Valtteri,+0.181,00:00:13
94,3,Max,+0.336,00:00:13
94,4,Nico,+0.461,00:00:13
94,5,Charles,+0.609,00:00:13
94,6,Daniel,+0.624,00:00:13
94,7,Pierre,+0.772,00:00:13
94,8,Daniil,+1.064,00:00:13
94,9,Esteban,+1.111,00:00:13
94,10,Lando,+1.185,00:00:13
94,11,Carlos,+1.287,00:00:13
94,12,Romain,+1.300,00:00:13
94,13,Sebastian,+1.372,00:00:13
94,14,Lance,+1.422,00:00:13
94,15,Antonio,+1.615,00:00:13
94,16,George,+1.624,00:00:13
94,17,Alexander,+1.664,00:00:13
94,18,Kevin,+1.675,00:00:13
94,19,Kimi,+1.769,00:00:13
94,20,Nicholas,+3.271,00:00:13
95,1,Lewis,1:26.818,00:00:07
95,2,Valtteri,+0.181,00:00:07
95,3,Max,+0.336,00:00:07
95,4,Nico,+0.461,00:00:07
95,5,Charles,+0.609,00:00:07
95,6,Daniel,+0.624,00:00:07
95,7,Pierre,+0.772,00:00:07
95,8,Daniil,+0.939,00:00:07
95,9,Esteban,+1.064,00:00:07
95,10,Lando,+1.111,00:00:07
95,11,Carlos,+1.185,00:00:07
95,12,Romain,+1.287,00:00:07
95,13,Sebastian,+1.300,00:00:07
95,14,Lance,+1.372,00:00:07
95,15,Antonio,+1.422,00:00:07
95,16,George,+1.615,00:00:07
95,17,Alexander,+1.664,00:00:07
95,18,Kimi,+1.675,00:00:07
95,19,Kevin,+1.769,00:00:07
95,20,Nicholas,+3.271,00:00:07
96,1,Lewis,1:26.818,00:00:03
96,2,Valtteri,+0.181,00:00:03
96,3,Max,+0.336,00:00:03
96,4,Nico,+0.461,00:00:03
96,5,Charles,+0.609,00:00:03
96,6,Daniel,+0.624,00:00:03
96,7,Pierre,+0.772,00:00:03
96,8,George,+0.939,00:00:03
96,9,Daniil,+1.064,00:00:03
96,10,Esteban,+1.111,00:00:03
96,11,Lando,+1.185,00:00:03
96,12,Carlos,+1.287,00:00:03
96,13,Romain,+1.300,00:00:03
96,14,Sebastian,+1.372,00:00:03
96,15,Lance,+1.422,00:00:03
96,16,Antonio,+1.615,00:00:03
96,17,Alexander,+1.664,00:00:03
96,18,Kimi,+1.675,00:00:03
96,19,Kevin,+1.769,00:00:03
96,20,Nicholas,+3.271,00:00:03
97,1,Lewis,1:26.818,
97,2,Valtteri,+0.181,
97,3,Max,+0.336,
97,4,Nico,+0.461,
97,5,Charles,+0.609,
97,6,Daniel,+0.624,
97,7,Pierre,+0.772,
97,8,George,+0.939,
97,9,Daniil,+1.064,
97,10,Esteban,+1.111,
97,11,Lando,+1.185,
97,12,Carlos,+1.287,
97,13,Romain,+1.300,
97,14,Sebastian,+1.372,
97,15,Lance,+1.422,
97,16,Antonio,+1.615,
97,17,Alexander,+1.664,
97,18,Kimi,+1.675,
97,19,Kevin,+1.769,
97,20,Nicholas,+3.271,
98,1,Lewis,1:26.818,
98,2,Valtteri,+0.181,
98,3,Max,+0.336,
98,4,Nico,+0.461,
98,5,Charles,+0.609,
98,6,Daniel,+0.624,
98,7,Pierre,+0.772,
98,8,George,+0.939,
98,9,Daniil,+1.064,
98,10,Esteban,+1.111,
98,11,Lando,+1.185,
98,12,Carlos,+1.287,
98,13,Romain,+1.300,
98,14,Sebastian,+1.372,
98,15,Lance,+1.422,
98,16,Antonio,+1.612,
98,17,Alexander,+1.615,
98,18,,+1.664,
1,1,Lewis,1:26.818,
1,2,Valtteri,+0.181,
1,3,Alexander,+0.335,
1,4,Max,+0.336,
1,5,Pierre,+0.336,
1,6,Lando,+0.399,
1,7,Nico,+0.461,
1,8,Charles,+0.609,
1,9,Daniel,+0.624,
1,10,Carlos,+0.632,
1,11,George,+0.794,
1,12,Daniil,+0.939,
1,13,Esteban,+1.064,
1,14,Romain,+1.111,
1,15,Sebastian,+1.300,
1,16,Lance,+1.418,
1,17,Nicholas,+1.422,
1,18,Antonio,+1.612,
1,19,Kimi,+1.615,
1,20,Kevin,+1.675,
2,1,Lewis,1:26.818,
2,2,Valtteri,+0.181,
2,3,Alexander,+0.335,
2,4,Max,+0.336,
2,5,Pierre,+0.336,
2,6,Lando,+0.399,
2,7,Nico,+0.461,
2,8,Charles,+0.609,
2,9,Daniel,+0.624,
2,10,Carlos,+0.632,
2,11,Romain,+0.701,
2,12,Sebastian,+0.794,
2,13,George,+0.939,
2,14,Daniil,+1.064,
2,15,Esteban,+1.111,
2,16,Kevin,+1.418,
2,17,Lance,+1.422,
2,18,Nicholas,+1.612,
2,19,Antonio,+1.615,
2,20,Kimi,+1.675,
3,1,Lewis,1:26.818,
3,2,Valtteri,+0.181,
3,3,Alexander,+0.335,
3,4,Max,+0.336,
3,5,Pierre,+0.336,
3,6,Lando,+0.369,
3,7,Nico,+0.399,
3,8,Charles,+0.461,
3,9,Daniel,+0.609,
3,10,Carlos,+0.624,
3,11,Romain,+0.632,
3,12,Sebastian,+0.701,
3,13,George,+0.794,
3,14,Daniil,+0.939,
3,15,Esteban,+1.064,
3,16,Kevin,+1.111,
3,17,Lance,+1.418,
3,18,Nicholas,+1.612,
3,19,Antonio,+1.615,
3,20,Kimi,+1.675,
4,1,Lewis,1:26.818,
4,2,Valtteri,+0.181,
4,3,Alexander,+0.335,
4,4,Max,+0.336,
4,5,Pierre,+0.336,
4,6,Lance,+0.369,
4,7,Lando,+0.399,
4,8,Nico,+0.461,
4,9,Charles,+0.609,
4,10,Daniel,+0.624,
4,11,Carlos,+0.632,
4,12,Romain,+0.701,
4,13,Sebastian,+0.794,
4,14,George,+0.939,
4,15,Daniil,+1.064,
4,16,Esteban,+1.111,
4,17,Kevin,+1.418,
4,18,Nicholas,+1.612,
4,19,Antonio,+1.615,
4,20,Kimi,+1.675,
5,1,Valtteri,1:26.738,
5,2,Lewis,+0.080,
5,3,Alexander,+0.415,
5,4,Max,+0.416,
5,5,Pierre,+0.416,
5,6,Lance,+0.449,
5,7,Lando,+0.479,
5,8,Nico,+0.540,
5,9,Charles,+0.541,
5,10,Daniel,+0.689,
5,11,Carlos,+0.704,
5,12,Romain,+0.712,
5,13,Sebastian,+0.781,
5,14,George,+0.874,
5,15,Daniil,+1.019,
5,16,Esteban,+1.144,
5,17,Kevin,+1.498,
5,18,Nicholas,+1.692,
5,19,Antonio,+1.695,
5,20,Kimi,+1.755,
6,1,Valtteri,1:26.738,
6,2,Lewis,+0.080,
6,3,Alexander,+0.415,
6,4,Max,+0.416,
6,5,Pierre,+0.416,
6,6,Lance,+0.449,
6,7,Lando,+0.479,
6,8,Esteban,+0.540,
6,9,Nico,+0.541,
6,10,Charles,+0.689,
6,11,Daniel,+0.704,
6,12,Carlos,+0.712,
6,13,Romain,+0.781,
6,14,Sebastian,+0.874,
6,15,George,+1.019,
6,16,Daniil,+1.144,
6,17,Kevin,+1.498,
6,18,Nicholas,+1.692,
6,19,Antonio,+1.695,
6,20,Kimi,+1.755,
7,1,Valtteri,1:26.738,
7,2,Lewis,+0.080,
7,3,Alexander,+0.415,
7,4,Max,+0.416,
7,5,Pierre,+0.416,
7,6,Lance,+0.449,
7,7,Lando,+0.479,
7,8,Esteban,+0.540,
7,9,Nico,+0.541,
7,10,Charles,+0.689,
7,11,Daniel,+0.704,
7,12,Carlos,+0.712,
7,13,Romain,+0.781,
7,14,Sebastian,+0.874,
7,15,George,+1.019,
7,16,Daniil,+1.144,
7,17,Kevin,+1.498,
7,18,Nicholas,+1.692,
7,19,Antonio,+1.695,
7,20,Kimi,+1.755,
8,1,Valtteri,1:26.738,
8,2,Lewis,+0.080,
8,3,Alexander,+0.415,
8,4,Max,+0.416,
8,5,Pierre,+0.416,
8,6,Lance,+0.449,
8,7,Lando,+0.479,
8,8,Esteban,+0.540,
8,9,Nico,+0.541,
8,10,Charles,+0.689,
8,11,Daniel,+0.704,
8,12,Carlos,+0.712,
8,13,Romain,+0.781,
8,14,Sebastian,+0.874,
8,15,George,+1.019,
8,16,Daniil,+1.144,
8,17,Kevin,+1.498,
8,18,Nicholas,+1.692,
8,19,Antonio,+1.695,
8,20,Kimi,+1.755,
9,1,Valtteri,1:26.738,
9,2,Lewis,+0.080,
9,3,Alexander,+0.415,
9,4,Max,+0.416,
9,5,Pierre,+0.416,
9,6,Lance,+0.449,
9,7,Lando,+0.479,
9,8,Esteban,+0.540,
9,9,Nico,+0.541,
9,10,Charles,+0.689,
9,11,Daniel,+0.704,
9,12,Carlos,+0.712,
9,13,Romain,+0.781,
9,14,Sebastian,+0.874,
9,15,George,+1.019,
9,16,Daniil,+1.144,
9,17,Kevin,+1.498,
9,18,Nicholas,+1.692,
9,19,Antonio,+1.695,
9,20,Kimi,+1.755,
10,1,Valtteri,1:26.738,
10,2,Lewis,+0.080,
10,3,Alexander,+0.415,
10,4,Max,+0.416,
10,5,Pierre,+0.416,
10,6,Lance,+0.449,
10,7,Lando,+0.479,
10,8,Esteban,+0.540,
10,9,Nico,+0.541,
10,10,Charles,+0.689,
10,11,Daniel,+0.704,
10,12,Carlos,+0.712,
10,13,Romain,+0.781,
10,14,Sebastian,+0.874,
10,15,George,+1.019,
10,16,Daniil,+1.144,
10,17,Kevin,+1.498,
10,18,Nicholas,+1.692,
10,19,Antonio,+1.695,
10,20,Kimi,+1.755,
11,1,Valtteri,1:26.738,
11,2,Lewis,+0.080,
11,3,Alexander,+0.415,
11,4,Max,+0.416,
11,5,Pierre,+0.416,
11,6,Lance,+0.449,
11,7,Lando,+0.479,
11,8,Esteban,+0.540,
11,9,Nico,+0.541,
11,10,Charles,+0.689,
11,11,Daniel,+0.704,
11,12,Carlos,+0.712,
11,13,Romain,+0.781,
11,14,Sebastian,+0.874,
11,15,George,+1.019,
11,16,Daniil,+1.144,
11,17,Kevin,+1.498,
11,18,Nicholas,+1.692,
11,19,Antonio,+1.695,
11,20,Kimi,+1.755,
12,1,Valtteri,1:26.738,
12,2,Lewis,+0.080,
12,3,Alexander,+0.415,
12,4,Max,+0.416,
12,5,Pierre,+0.416,
12,6,Lance,+0.449,
12,7,Lando,+0.479,
12,8,Esteban,+0.540,
12,9,Nico,+0.541,
12,10,Charles,+0.689,
12,11,Daniel,+0.704,
12,12,Carlos,+0.712,
12,13,Romain,+0.781,
12,14,Sebastian,+0.874,
12,15,George,+1.019,
12,16,Daniil,+1.144,
12,17,Kevin,+1.498,
12,18,Nicholas,+1.692,
12,19,Antonio,+1.695,
12,20,Kimi,+1.755,
